{"cameraMatrix": [[133.04520007670214, 0.0, 349.82604333295524], [0.0, 133.53951485185763, 245.72995801837297], [0.0, 0.0, 1.0]], "distCoeffs": [[-0.02280242700165459, 0.0017976779929798452, 0.0025934002548288417, -0.0001760124916200607, -0.0001271927138447484]]}