{"cameraMatrix": [[83.36736429948547, 0.0, 321.69800639165794], [0.0, 83.22777690362737, 276.6283072404101], [0.0, 0.0, 1.0]], "distCoeffs": [[-0.005814638347646261, 0.00014816026191037484, -0.0013701151498843858, 0.0027573116635779067, -5.783333648013211e-06]]}