{"x_path": [331.5, 331.5, 331.5, 331.5, 331.5, 330.25, 327.25, 325.5, 322.75, 320.25, 317.5, 315.25, 313.75, 311.5, 310.0, 307.75, 306.0, 303.5, 301.25, 300.0, 296.75, 295.0, 292.0, 289.5, 287.5, 286.5, 284.25, 281.25, 279.5, 276.5, 274.25, 272.25, 269.5, 268.0, 265.0, 262.5, 260.5, 257.5, 254.75, 252.0, 249.75, 247.0, 244.75, 243.5, 241.75, 239.0, 237.0, 234.75, 233.25, 231.25, 229.5, 226.75, 226.0, 226.0, 227.0, 227.25, 228.0, 228.75, 230.25, 232.25, 234.25, 235.25, 237.25, 237.0, 235.75, 235.0, 232.25, 230.75, 228.75, 226.75, 224.75, 225.0, 225.5, 226.5, 227.25, 228.0, 229.0, 231.25, 233.0, 233.75, 236.25, 238.5, 239.0, 238.75, 235.75, 234.0, 232.25, 229.75, 228.5, 226.5, 224.75, 226.0, 226.25, 228.0, 229.0, 230.75, 231.75, 233.0, 235.25, 237.0, 238.5, 238.5, 238.5, 237.5, 235.5, 233.75, 232.0, 229.75, 227.5, 226.5, 226.0, 227.0, 228.0, 228.5, 230.25, 231.5, 233.0, 234.0, 236.75, 238.25, 239.25, 237.75, 237.0, 235.5, 234.0, 232.5, 229.75, 228.5, 227.0, 226.25, 225.5, 225.75, 227.0, 228.5, 230.0, 231.75, 233.5], "x_traj": [329.5, 329.5, 329.5, 329.5, 329.5, 328.25, 325.25, 323.5, 320.75, 318.25, 315.5, 313.25, 311.75, 309.5, 308.0, 305.75, 304.0, 301.5, 299.25, 298.0, 294.75, 293.0, 290.0, 287.5, 285.5, 284.5, 282.25, 279.25, 277.5, 274.5, 272.25, 270.25, 267.5, 266.0, 263.0, 260.5, 258.5, 255.5, 252.75, 250.0, 247.75, 245.0, 242.75, 241.5, 239.75, 237.0, 235.0, 232.75, 231.25, 233.25, 231.5, 228.75, 228.0, 228.0, 229.0, 229.25, 230.0, 230.75, 232.25, 230.25, 232.25, 233.25, 235.25, 235.0, 233.75, 233.0, 230.25, 232.75, 230.75, 228.75, 226.75, 227.0, 227.5, 228.5, 229.25, 230.0, 231.0, 233.25, 231.0, 231.75, 234.25, 236.5, 237.0, 236.75, 233.75, 232.0, 230.25, 231.75, 230.5, 228.5, 226.75, 228.0, 228.25, 230.0, 231.0, 232.75, 233.75, 231.0, 233.25, 235.0, 236.5, 236.5, 236.5, 235.5, 233.5, 231.75, 232.0, 231.75, 229.5, 228.5, 228.0, 229.0, 230.0, 230.5, 232.25, 233.5, 231.0, 232.0, 234.75, 236.25, 237.25, 235.75, 235.0, 233.5, 232.0, 230.5, 231.75, 230.5, 229.0, 228.25, 227.5, 227.75, 229.0, 230.5, 232.0, 233.75, 231.5], "delta_q": [[0.0, 5.772546076061951, 5.772546076061951, 5.772546076061951, 5.772546076061951, 5.772546076061951, 5.772546076061951, 5.772546076061951, 5.772546076061951, 5.772546076061951, 5.772546076061951, 5.772546076061951, 5.772546076061951, 5.772546076061951, 5.772546076061951, 5.772546076061951, 5.772546076061951, 5.772546076061951, 5.772546076061951, 5.772546076061951, 5.772546076061951, 5.772546076061951, 5.772546076061951, 5.772546076061951, 5.772546076061951, 5.772546076061951, 5.772546076061951, 5.772546076061951, 5.772546076061951, 5.772546076061951, 5.772546076061951, 5.772546076061951, 5.772546076061951, 5.772546076061951, 5.772546076061951, 5.772546076061951, 5.772546076061951, 5.772546076061951, 5.772546076061951, 5.772546076061951, 5.772546076061951, 5.772546076061951, 5.772546076061951, 5.772546076061951, 5.772546076061951, 5.772546076061951, 5.772546076061951, 5.772546076061951, 5.772546076061951, 5.772546076061951, -2.164523621238886, -2.164523621238886, -2.164523621238886, -2.164523621238886, -2.164523621238886, -2.164523621238886, -2.164523621238886, -2.164523621238886, -2.164523621238886, -2.164523621238886, 5.772546076061951, 5.772546076061951, 5.772546076061951, 5.772546076061951, 5.772546076061951, 5.772546076061951, 5.772546076061951, 5.772546076061951, -2.164523621238886, -2.164523621238886, -2.164523621238886, -2.164523621238886, -2.164523621238886, -2.164523621238886, -2.164523621238886, -2.164523621238886, -2.164523621238886, -2.164523621238886, -2.164523621238886, 5.772546076061951, 5.772546076061951, 5.772546076061951, 5.772546076061951, 5.772546076061951, 5.772546076061951, 5.772546076061951, 5.772546076061951, 5.772546076061951, -2.164523621238886, -2.164523621238886, -2.164523621238886, -2.164523621238886, -2.164523621238886, -2.164523621238886, -2.164523621238886, -2.164523621238886, -2.164523621238886, -2.164523621238886, 5.772546076061951, 5.772546076061951, 5.772546076061951, 5.772546076061951, 5.772546076061951, 5.772546076061951, 5.772546076061951, 5.772546076061951, 5.772546076061951, 1.8040112274115323, -2.164523621238886, -2.164523621238886, -2.164523621238886, -2.164523621238886, -2.164523621238886, -2.164523621238886, -2.164523621238886, -2.164523621238886, -5.772546076061951, 2.164523621238886, 2.164523621238886, 2.164523621238886, 2.164523621238886, 2.164523621238886, 2.164523621238886, 2.164523621238886, 3.9685348486504184, 5.772546076061951, 5.772546076061951, -2.164523621238886, -2.164523621238886, -2.164523621238886, -2.164523621238886, -2.164523621238886, -2.164523621238886, -2.164523621238886, -2.164523621238886, -5.772546076061951, -5.772546076061951, 2.164523621238886], [0.0, 0.5717359787586207, 0.5717359787586207, 0.5717359787586207, 0.5717359787586207, 0.5717359787586207, 0.5717359787586207, 0.5717359787586207, 0.5717359787586207, 0.5717359787586207, 0.5717359787586207, 0.5717359787586207, 0.5717359787586207, 0.5717359787586207, 0.5717359787586207, 0.5717359787586207, 0.5717359787586207, 0.5717359787586207, 0.5717359787586207, 0.5717359787586207, 0.5717359787586207, 0.5717359787586207, 0.5717359787586207, 0.5717359787586207, 0.5717359787586207, 0.5717359787586207, 0.5717359787586207, 0.5717359787586207, 0.5717359787586207, 0.5717359787586207, 0.5717359787586207, 0.5717359787586207, 0.5717359787586207, 0.5717359787586207, 0.5717359787586207, 0.5717359787586207, 0.5717359787586207, 0.5717359787586207, 0.5717359787586207, 0.5717359787586207, 0.5717359787586207, 0.5717359787586207, 0.5717359787586207, 0.5717359787586207, 0.5717359787586207, 0.5717359787586207, 0.5717359787586207, 0.5717359787586207, 0.5717359787586207, 0.5717359787586207, 6.1706382708566565, 6.1706382708566565, 6.1706382708566565, 6.1706382708566565, 6.1706382708566565, 6.1706382708566565, 6.1706382708566565, 6.1706382708566565, 6.1706382708566565, 6.1706382708566565, 0.5717359787586207, 0.5717359787586207, 0.5717359787586207, 0.5717359787586207, 0.5717359787586207, 0.5717359787586207, 0.5717359787586207, 0.5717359787586207, 6.1706382708566565, 6.1706382708566565, 6.1706382708566565, 6.1706382708566565, 6.1706382708566565, 6.1706382708566565, 6.1706382708566565, 6.1706382708566565, 6.1706382708566565, 6.1706382708566565, 6.1706382708566565, 0.5717359787586207, 0.5717359787586207, 0.5717359787586207, 0.5717359787586207, 0.5717359787586207, 0.5717359787586207, 0.5717359787586207, 0.5717359787586207, 0.5717359787586207, 6.1706382708566565, 6.1706382708566565, 6.1706382708566565, 6.1706382708566565, 6.1706382708566565, 6.1706382708566565, 6.1706382708566565, 6.1706382708566565, 6.1706382708566565, 6.1706382708566565, 0.5717359787586207, 0.5717359787586207, 0.5717359787586207, 0.5717359787586207, 0.5717359787586207, 0.5717359787586207, 0.5717359787586207, 0.5717359787586207, 0.5717359787586207, 3.3711871248076384, 6.1706382708566565, 6.1706382708566565, 6.1706382708566565, 6.1706382708566565, 6.1706382708566565, 6.1706382708566565, 6.1706382708566565, 6.1706382708566565, -0.5717359787586207, -6.1706382708566565, -6.1706382708566565, -6.1706382708566565, -6.1706382708566565, -6.1706382708566565, -6.1706382708566565, -6.1706382708566565, -2.7994511460490177, 0.5717359787586207, 0.5717359787586207, 6.1706382708566565, 6.1706382708566565, 6.1706382708566565, 6.1706382708566565, 6.1706382708566565, 6.1706382708566565, 6.1706382708566565, 6.1706382708566565, -0.5717359787586207, -0.5717359787586207, -6.1706382708566565], [0.0, 0.0, 0.0, 0.0, 0.0, 0.0, 0.0, 0.0, 0.0, 0.0, 0.0, 0.0, 0.0, 0.0, 0.0, 0.0, 0.0, 0.0, 0.0, 0.0, 0.0, 0.0, 0.0, 0.0, 0.0, 0.0, 0.0, 0.0, 0.0, 0.0, 0.0, 0.0, 0.0, 0.0, 0.0, 0.0, 0.0, 0.0, 0.0, 0.0, 0.0, 0.0, 0.0, 0.0, 0.0, 0.0, 0.0, 0.0, 0.0, 0.0, 0.0, 0.0, 0.0, 0.0, 0.0, 0.0, 0.0, 0.0, 0.0, 0.0, 0.0, 0.0, 0.0, 0.0, 0.0, 0.0, 0.0, 0.0, 0.0, 0.0, 0.0, 0.0, 0.0, 0.0, 0.0, 0.0, 0.0, 0.0, 0.0, 0.0, 0.0, 0.0, 0.0, 0.0, 0.0, 0.0, 0.0, 0.0, 0.0, 0.0, 0.0, 0.0, 0.0, 0.0, 0.0, 0.0, 0.0, 0.0, 0.0, 0.0, 0.0, 