{"x_path": [344.75, 344.75, 344.75, 344.75, 345.0, 345.0, 346.75, 350.25, 350.25, 353.5, 354.5, 355.75, 358.5, 361.0, 362.75, 363.75, 363.75, 366.0, 366.75, 373.0, 373.0, 374.5, 377.0, 377.0, 380.25, 382.0, 383.25, 385.0, 385.0, 387.0, 389.5, 394.25, 394.25, 396.5, 398.5, 399.0, 402.0, 404.0, 406.0, 408.25, 408.25, 409.75, 411.75, 413.75, 416.25, 418.75, 420.0, 422.0, 423.75, 425.5, 426.75, 426.75, 428.5, 431.25, 433.0, 435.75, 438.25, 439.75, 440.75, 442.75, 444.25, 446.0, 448.0, 448.0, 449.5, 452.25, 452.75, 453.25, 453.5, 450.25, 448.25, 445.75, 443.75, 443.0, 443.0, 442.0, 443.75, 444.75, 446.25, 448.5, 451.5, 453.75, 455.5, 455.0, 454.5, 453.5, 453.5, 451.75, 450.75, 449.75, 447.5, 443.75, 442.0, 440.5, 439.75, 439.5, 439.75, 441.0, 441.0, 442.25, 443.0, 443.75, 446.5, 450.0, 453.5, 455.5, 458.25, 458.0, 457.5, 457.5, 456.75, 456.0, 454.5, 447.0, 443.75, 442.75, 442.0, 441.0, 441.5, 441.75, 441.75, 443.5, 447.5, 449.75, 454.75, 457.0, 457.0, 456.5, 453.5, 450.75, 448.25], "x_traj": [346.75, 346.75, 346.75, 346.75, 347.0, 347.0, 348.75, 352.25, 352.25, 355.5, 356.5, 357.75, 360.5, 363.0, 364.75, 365.75, 365.75, 368.0, 368.75, 375.0, 375.0, 376.5, 379.0, 379.0, 382.25, 384.0, 385.25, 387.0, 387.0, 389.0, 391.5, 396.25, 396.25, 398.5, 400.5, 401.0, 404.0, 406.0, 408.0, 410.25, 410.25, 411.75, 413.75, 415.75, 418.25, 420.75, 422.0, 424.0, 425.75, 427.5, 428.75, 428.75, 430.5, 433.25, 435.0, 437.75, 440.25, 441.75, 442.75, 444.75, 446.25, 448.0, 446.0, 446.0, 447.5, 450.25, 450.75, 451.25, 451.5, 448.25, 446.25, 447.75, 445.75, 445.0, 445.0, 444.0, 445.75, 446.75, 448.25, 446.5, 449.5, 451.75, 453.5, 453.0, 452.5, 451.5, 451.5, 449.75, 448.75, 447.75, 445.5, 445.75, 444.0, 442.5, 441.75, 441.5, 441.75, 443.0, 443.0, 444.25, 445.0, 445.75, 448.5, 448.0, 451.5, 453.5, 456.25, 456.0, 455.5, 455.5, 454.75, 454.0, 452.5, 447.0, 445.75, 444.75, 444.0, 443.0, 443.5, 443.75, 443.75, 445.5, 445.5, 447.75, 452.75, 455.0, 455.0, 454.5, 451.5, 448.75, 446.25], "delta_q": [[0.0, 0.0, 0.0, 0.0, 0.0, 0.0, 0.0, 0.0, 0.0, 0.0, 0.0, 0.0, 0.0, 0.0, 0.0, 0.0, 0.0, 0.0, 0.0, 0.0, 0.0, 0.0, 0.0, 0.0, 0.0, 0.0, 0.0, 0.0, 0.0, 0.0, 0.0, 0.0, 0.0, 0.0, 0.0, 0.0, 0.0, 0.0, 0.0, 0.0, 0.0, 0.0, 0.0, 0.0, 0.0, 0.0, 0.0, 0.0, 0.0, 0.0, 0.0, 0.0, 0.0, 0.0, 0.0, 0.0, 0.0, 0.0, 0.0, 0.0, 0.0, 0.0, 0.0, 5.772546076061951, 5.772546076061951, 5.772546076061951, 5.772546076061951, 5.772546076061951, 5.772546076061951, 5.772546076061951, 5.772546076061951, 5.772546076061951, -2.164523621238886, -2.164523621238886, -2.164523621238886, -2.164523621238886, -2.164523621238886, -2.164523621238886, -2.164523621238886, -2.164523621238886, 2.164523621238886, 2.164523621238886, 2.164523621238886, 2.164523621238886, 2.164523621238886, 2.164523621238886, 2.164523621238886, 2.164523621238886, 2.164523621238886, 5.772546076061951, 5.772546076061951, 5.772546076061951, -2.164523621238886, -2.164523621238886, -2.164523621238886, -2.164523621238886, -2.164523621238886, -2.164523621238886, -2.164523621238886, -2.164523621238886, -5.772546076061951, -5.772546076061951, -5.772546076061951, -5.772546076061951, 2.164523621238886, 2.164523621238886, 2.164523621238886, 2.164523621238886, 5.772546076061951, 5.772546076061951, 5.772546076061951, 5.772546076061951, 5.772546076061951, 5.772546076061951, 1.8040112274115323, -5.772546076061951, -5.772546076061951, -5.772546076061951, -5.772546076061951, -5.772546076061951, -5.772546076061951, -5.772546076061951, -5.772546076061951, 5.772546076061951, 5.772546076061951, 5.772546076061951, 5.772546076061951, 5.772546076061951, 5.772546076061951, 5.772546076061951, 5.772546076061951, 5.772546076061951], [0.0, 6.1706382708566565, 6.1706382708566565, 6.1706382708566565, 6.1706382708566565, 6.1706382708566565, 6.1706382708566565, 6.1706382708566565, 6.1706382708566565, 6.1706382708566565, 6.1706382708566565, 6.1706382708566565, 6.1706382708566565, 6.1706382708566565, 6.1706382708566565, 6.1706382708566565, 6.1706382708566565, 6.1706382708566565, 6.1706382708566565, 6.1706382708566565, 6.1706382708566565, 6.1706382708566565, 6.1706382708566565, 6.1706382708566565, 6.1706382708566565, 6.1706382708566565, 6.1706382708566565, 6.1706382708566565, 6.1706382708566565, 6.1706382708566565, 6.1706382708566565, 6.1706382708566565, 6.1706382708566565, 6.1706382708566565, 6.1706382708566565, 6.1706382708566565, 6.1706382708566565, 6.1706382708566565, 6.1706382708566565, 6.1706382708566565, 6.1706382708566565, 6.1706382708566565, 6.1706382708566565, 6.1706382708566565, 6.1706382708566565, 6.1706382708566565, 6.1706382708566565, 6.1706382708566565, 6.1706382708566565, 6.1706382708566565, 6.1706382708566565, 6.1706382708566565, 6.1706382708566565, 6.1706382708566565, 6.1706382708566565, 6.1706382708566565, 6.1706382708566565, 6.1706382708566565, 6.1706382708566565, 6.1706382708566565, 6.1706382708566565, 6.1706382708566565, 6.1706382708566565, 0.5717359787586207, 0.5717359787586207, 0.5717359787586207, 0.5717359787586207, 0.5717359787586207, 0.5717359787586207, 0.5717359787586207, 0.5717359787586207, 0.5717359787586207, 6.1706382708566565, 6.1706382708566565, 6.1706382708566565, 6.1706382708566565, 6.1706382708566565, 6.1706382708566565, 6.1706382708566565, 6.1706382708566565, -6.1706382708566565, -6.1706382708566565, -6.1706382708566565, -6.1706382708566565, -6.1706382708566565, -6.1706382708566565, -6.1706382708566565, -6.1706382708566565, -6.1706382708566565, 0.5717359787586207, 0.5717359787586207, 0.5717359787586207, 6.1706382708566565, 6.1706382708566565, 6.1706382708566565, 6.1706382708566565, 6.1706382708566565, 6.1706382708566565, 6.1706382708566565, 6.1706382708566565, -0.5717359787586207, -0.5717359787586207, -0.5717359787586207, -0.5717359787586207, -6.1706382708566565, -6.1706382708566565, -6.1706382708566565, -6.1706382708566565, 0.5717359787586207, 0.5717359787586207, 0.5717359787586207, 0.5717359787586207, 0.5717359787586207, 0.5717359787586207, 3.3711871248076384, -0.5717359787586207, -0.5717359787586207, -0.5717359787586207, -0.5717359787586207, -0.5717359787586207, -0.5717359787586207, -0.5717359787586207, -0.5717359787586207, 0.5717359787586207, 0.5717359787586207, 0.5717359787586207, 0.5717359787586207, 0.5717359787586207, 0.5717359787586207, 0.5717359787586207, 0.5717359787586207, 0.5717359787586207], [0.0, 0.0, 0.0, 0.0, 0.0, 0.0, 0.0, 0.0, 0.0, 0.0, 0.0, 0.0, 0.0, 0.0, 0.0, 0.0, 0.0, 0.0, 0.0, 0.0, 0.0, 0.0, 0.0, 0.0, 0.0, 0.0, 0.0, 0.0, 0.0, 0.0, 0.0, 0.0, 0.0, 0.0, 0.0, 0.0, 0.0, 0.0, 0.0, 0.0, 0.0, 0.0, 0.0, 0.0, 0.0, 0.0, 0.0, 0.0, 0.0, 0.0, 0.0, 0.0, 0.0, 0.0, 0.0, 0.0, 0.0, 0.0, 0.0, 0.0, 0.0, 0.0, 0.0, 0.0, 0.0, 0.0, 0.0, 0.0, 0.0, 0.0, 0.0, 0.0, 0.0, 0.0, 0.0, 0.0, 0.0, 0.0, 0.0, 0.0, -3.022781447366656, -3.022781447366656, -3.022781447366656, -3.022781447366656, -3.022781447366656, -3.022781447366656, -3.022781447366656, -3.022781447366656, -3.022781447366656, 5.39152600222709, 5.39152600222709, 5.39152600222709, 3.022781447366656, 3.022781447366656, 3.022781447366656, 0.0, 0.0, 0.0, 0.0, 0.0, -5.39152600222709, -5.39152600222709, -5.39152600222709, -5.39152600222709, -3.022781447366656, -3.022781447366656, -3.022781447366656, -3.022781447366656, 5.39152600222709, 5.39152600222709, 5.39152600222709, 5.39152600222709, 5.39152600222709, 5.39152600222709, 4.207153724796873, -5.39152600222709, -5.39152600222709, -5.39152600222709, -5.39152600222709, -5.39152600222709, -5.39152600222709, -5.39152600222709, -5.39152600222709, 5.39152600222709, 5.39152600222709, 5.39152600222709, 5.39152600222709, 5.39152600222709, 5.39152600222709, 5.39152600222709, 5.39152600222709, 0.0]],