{"Ji": [[-0.30833333333333335, 0.24888888888888883, -0.06722222222222224], [-0.08583333333333336, -0.22944444444444428, -0.25472222222222207]], "Delta_Qs": [[10.0, 10.0, 10.0, 10.0, 10.0, 10.0, 10.0, 10.0, 10.0, 10.0, 10.0, 10.0, 10.0, 10.0, 10.0, -10.0, -10.0, -10.0, -10.0, -10.0, -10.0, -10.0, -10.0, -10.0, -10.0, -10.0, -10.0, -10.0, -10.0, -10.0, 0.0, 0.0, 0.0, 0.0, 0.0, 0.0, 0.0, 0.0, 0.0, 0.0, 0.0, 0.0, 0.0, 0.0, 0.0, 0.0, 0.0, 0.0, 0.0, 0.0, 0.0, 0.0, 0.0, 0.0, 0.0, 0.0, 0.0, 0.0, 0.0, 0.0, 0.0, 0.0, 0.0, 0.0, 0.0, 0.0, 0.0, 0.0, 0.0, 0.0, 0.0, 0.0, 0.0, 0.0, 0.0, 0.0, 0.0, 0.0, 0.0, 0.0, 0.0, 0.0, 0.0, 0.0, 0.0, 0.0, 0.0, 0.0, 0.0, 0.0, 0.0, 0.0, 0.0, 0.0, 0.0, 0.0, 0.0, 0.0, 0.0, 0.0, 0.0, 0.0, 0.0, 0.0, 0.0, 0.0, 0.0, 0.0, 0.0, 0.0, 0.0, 0.0, 0.0, 0.0, 0.0, 0.0, 0.0, 0.0, 0.0, 0.0, 0.0], [0.0, 0.0, 0.0, 0.0, 0.0, 0.0, 0.0, 0.0, 0.0, 0.0, 0.0, 0.0, 0.0, 0.0, 0.0, 0.0, 0.0, 0.0, 0.0, 0.0, 0.0, 0.0, 0.0, 0.0, 0.0, 0.0, 0.0, 0.0, 0.0, 0.0, 10.0, 10.0, 10.0, 10.0, 10.0, 10.0, 10.0, 10.0, 10.0, 10.0, 10.0, 10.0, 10.0, 10.0, 10.0, -10.0, -10.0, -10.0, -10.0, -10.0, -10.0, -10.0, -10.0, -10.0, -10.0, -10.0, -10.0, -10.0, -10.0, -10.0, 0.0, 0.0, 0.0, 0.0, 0.0, 0.0, 0.0, 0.0, 0.0, 0.0, 0.0, 0.0, 0.0, 0.0, 0.0, 0.0, 0.0, 0.0, 0.0, 0.0, 0.0, 0.0, 0.0, 0.0, 0.0, 0.0, 0.0, 0.0, 0.0, 0.0, 10.0, 10.0, 10.0, 10.0, 10.0, 10.0, 10.0, 10.0, 10.0, 10.0, 10.0, 10.0, 10.0, 10.0, 10.0, -10.0, -10.0, -10.0, -10.0, -10.0, -10.0, -10.0, -10.0, -10.0, -10.0, -10.0, -10.0, -10.0, -10.0, -10.0, 0.0], [0.0, 0.0, 0.0, 0.0, 0.0, 0.0, 0.0, 0.0, 0.0, 0.0, 0.0, 0.0, 0.0, 0.0, 0.0, 0.0, 0.0, 0.0, 0.0, 0.0, 0.0, 0.0, 0.0, 0.0, 0.0, 0.0, 0.0, 0.0, 0.0, 0.0, 0.0, 0.0, 0.0, 0.0, 0.0, 0.0, 0.0, 0.0, 0.0, 0.0, 0.0, 0.0, 0.0, 0.0, 0.0, 0.0, 0.0, 0.0, 0.0, 0.0, 0.0, 0.0, 0.0, 0.0, 0.0, 0.0, 0.0, 0.0, 0.0, 0.0, -10.0, -10.0, -10.0, -10.0, -10.0, -10.0, -10.0, -10.0, -10.0, -10.0, -10.0, -10.0, -10.0, -10.0, -10.0, 10.0, 10.0, 10.0, 10.0, 10.0, 10.0, 10.0, 10.0, 10.0, 10.0, 10.0, 10.0, 10.0, 10.0, 10.0, -10.0, -10.0, -10.0, -10.0, -10.0, -10.0, -10.0, -10.0, -10.0, -10.0, -10.0, -10.0, -10.0, -10.0, -10.0, 10.0, 10.0, 10.0, 10.0, 10.0, 10.0, 10.0, 10.0, 10.0, 10.0, 10.0, 10.0, 10.0, 10.0, 10.0, 0.0]], "Delta_EE": [[0.0, -1.0, -4.5, -0.5, -3.75, -2.75, -4.0, -5.75, -3.25, -3.25, -3.5, -6.5, -3.25, -4.0, -5.0, -3.25, -3.5, -0.25, 0.0, 7.0, 3.75, 3.25, 7.25, 3.75, 2.75, 3.0, 4.5, 7.0, 3.25, 3.0, 8.0, 1.0, 1.0, 3.75, 2.5, 2.75, 2.5, 1.5, 4.25, 1.75, 5.0, 2.25, 2.5, 4.0, 2.25, 1.5, 3.75, -1.0, -2.25, -1.5, -5.0, -3.0, -2.75, -2.75, -1.75, -5.5, -2.0, -2.5, -5.5, -2.25, -1.5, -1.75, -1.0, 0.0, 2.5, 1.25, 1.0, 0.25, 0.75, 1.75, 1.5, 1.5, 1.5, 1.25, 1.25, 1.5, 0.0, 0.0, -1.0, -0.5, -2.0, -1.25, -1.25, -1.0, -1.25, -1.5, -1.25, -1.25, -0.25, -1.75, -1.0, -0.25, 0.0, 4.5, 2.75, 6.75, 2.25, 3.25, 3.0, 3.75, 6.25, 7.5, 7.25, 1.0, 0.5, 2.75, 3.5, -0.25, -3.5, -3.75, -4.0, -4.5, -4.0, -3.75, -2.25, -6.5, -8.0, -5.5, -3.25, -1.5, -2.5], [0.0, -0.5, -0.75, -0.25, -0.75, -1.0, -1.5, -1.25, -0.75, -0.5, -1.5, -1.75, -1.25, -1.0, -1.75, -0.5, -1.0, 0.25, -0.25, 1.75, 1.0, 0.75, 2.0, 1.0, 0.75, 1.0, 1.25, 1.5, 1.5, 0.25, 2.0, 0.5, -1.0, -3.75, -2.5, -2.25, -2.5, -1.25, -4.75, -1.0, -5.25, -2.5, -2.25, -4.5, -2.25, -1.5, -3.75, 1.0, 2.0, 1.75, 4.75, 2.75, 2.75, 3.0, 1.75, 5.0, 2.5, 2.75, 5.75, 2.25, 2.0, 2.0, 1.25, 1.25, 6.25, 3.75, 2.25, 2.0, 3.0, 3.25, 4.5, 4.0, 2.75, 4.5, 2.5, 4.75, 0.5, 0.0, -3.0, -2.25, -5.0, -3.0, -2.25, -3.25, -3.25, -3.75, -3.5, -3.0, -1.5, -5.5, -2.0, -1.5, -1.0, -0.75, 0.0, 0.5, 0.25, 0.25, 0.25, 0.25, -0.25, 1.0, 1.0, 1.0, 0.5, 0.25, 0.5, -0.5, -0.75, -1.0, 0.0, -1.0, 0.5, 0.75, -0.5, -1.25, -1.0, 0.0, 0.0, -1.25, 1.25]]}