{"x_path": [363.0, 363.25, 363.25, 362.75, 362.5, 362.5, 360.0, 357.0, 355.75, 351.75, 349.25, 347.0, 346.5, 346.5, 344.75, 339.75, 333.5, 332.75, 332.5, 332.5, 330.25, 329.0, 326.5, 326.5, 324.25, 319.5, 319.5, 316.5, 315.0, 315.25, 309.25, 307.25, 306.0, 306.0, 305.75, 300.5, 300.5, 298.25, 298.25, 297.75, 295.25, 292.5, 291.25, 287.0, 289.5, 290.25, 290.25, 291.5, 292.25, 293.0, 298.75, 303.0, 303.75, 303.25, 302.25, 302.5, 300.0, 299.0, 297.5, 297.5, 296.75, 296.0, 294.75, 293.75, 290.25, 290.5, 291.5, 292.25, 294.25, 295.25, 296.5, 296.5, 298.25, 300.25, 300.75, 296.5, 295.0, 295.0, 294.0, 294.0, 294.75, 295.5, 295.75, 297.0, 296.75, 296.75, 295.5, 290.75, 289.5, 289.25, 288.75, 289.5, 290.25, 290.25, 291.0, 291.75, 298.0, 298.5], "x_traj": [361.0, 361.25, 361.25, 360.75, 360.5, 360.5, 358.0, 355.0, 353.75, 349.75, 347.25, 345.0, 344.5, 344.5, 342.75, 337.75, 331.5, 330.75, 330.5, 330.5, 328.25, 327.0, 324.5, 324.5, 322.25, 317.5, 317.5, 314.5, 313.0, 313.25, 307.25, 305.25, 304.0, 304.0, 303.75, 298.5, 298.5, 296.25, 296.25, 295.75, 293.25, 294.5, 293.25, 289.0, 291.5, 292.25, 292.25, 293.5, 294.25, 295.0, 296.75, 301.0, 301.75, 301.25, 300.25, 300.5, 298.0, 297.0, 295.5, 295.5, 294.75, 294.0, 296.75, 295.75, 292.25, 292.5, 293.5, 294.25, 296.25, 293.25, 294.5, 294.5, 296.25, 298.25, 298.75, 294.5, 295.0, 295.0, 296.0, 296.0, 296.75, 293.5, 293.75, 295.0, 294.75, 294.75, 293.5, 292.75, 291.5, 291.25, 290.75, 291.5, 292.25, 292.25, 293.0, 293.75, 300.0, 300.5], "delta_q": [[0.0, 8.178931358699547, 8.178931358699547, 8.178931358699547, 8.178931358699547, 8.178931358699547, 8.178931358699547, 8.178931358699547, 8.178931358699547, 8.178931358699547, 8.178931358699547, 8.178931358699547, 8.178931358699547, 8.178931358699547, 8.178931358699547, 8.178931358699547, 8.178931358699547, 8.178931358699547, 8.178931358699547, 8.178931358699547, 8.178931358699547, 8.178931358699547, 8.178931358699547, 8.178931358699547, 8.178931358699547, 8.178931358699547, 8.178931358699547, 8.178931358699547, 8.178931358699547, 8.178931358699547, 8.178931358699547, 8.178931358699547, 8.178931358699547, 8.178931358699547, 8.178931358699547, 8.178931358699547, 8.178931358699547, 8.178931358699547, 8.178931358699547, 8.178931358699547, 8.178931358699547, 8.178931358699547, -1.6615156479435331, -1.6615156479435331, -1.6615156479435331, -1.6615156479435331, -1.6615156479435331, -1.6615156479435331, -1.6615156479435331, -1.6615156479435331, -1.6615156479435331, 8.178931358699547, 8.178931358699547, 8.178931358699547, 8.178931358699547, 8.178931358699547, 8.178931358699547, 8.178931358699547, 8.178931358699547, 8.178931358699547, 8.178931358699547, 8.178931358699547, 8.178931358699547, -1.6615156479435331, -1.6615156479435331, -1.6615156479435331, -1.6615156479435331, -1.6615156479435331, -1.6615156479435331, -1.6615156479435331, 8.178931358699547, 8.178931358699547, 8.178931358699547, 8.178931358699547, 8.178931358699547, 8.178931358699547, 8.178931358699547, 3.258707855378007, 3.258707855378007, -1.6615156479435331, -8.178931358699547, -8.178931358699547, 1.6615156479435331, 1.6615156479435331, 1.6615156479435331, 1.6615156479435331, 1.6615156479435331, 1.6615156479435331, -1.6615156479435331, -1.6615156479435331, -1.6615156479435331, -8.178931358699547, -8.178931358699547, -8.178931358699547, -8.178931358699547, -8.178931358699547, -8.178931358699547, -8.178931358699547, -8.178931358699547], [0.0, 3.204344253249237, 3.204344253249237, 3.204344253249237, 3.204344253249237, 3.204344253249237, 3.204344253249237, 3.204344253249237, 3.204344253249237, 3.204344253249237, 3.204344253249237, 3.204344253249237, 3.204344253249237, 3.204344253249237, 3.204344253249237, 3.204344253249237, 3.204344253249237, 3.204344253249237, 3.204344253249237, 3.204344253249237, 3.204344253249237, 3.204344253249237, 3.204344253249237, 3.204344253249237, 3.204344253249237, 3.204344253249237, 3.204344253249237, 3.204344253249237, 3.204344253249237, 3.204344253249237, 3.204344253249237, 3.204344253249237, 3.204344253249237, 3.204344253249237, 3.204344253249237, 3.204344253249237, 3.204344253249237, 3.204344253249237, 3.204344253249237, 3.204344253249237, 3.204344253249237, 3.204344253249237, 6.864952764170418, 6.864952764170418, 6.864952764170418, 6.864952764170418, 6.864952764170418, 6.864952764170418, 6.864952764170418, 6.864952764170418, 6.864952764170418, 3.204344253249237, 3.204344253249237, 3.204344253249237, 3.204344253249237, 3.204344253249237, 3.204344253249237, 3.204344253249237, 3.204344253249237, 3.204344253249237, 3.204344253249237, 3.204344253249237, 3.204344253249237, 6.864952764170418, 6.864952764170418, 6.864952764170418, 6.864952764170418, 6.864952764170418, 6.864952764170418, 6.864952764170418, 3.204344253249237, 3.204344253249237, 3.204344253249237, 3.204344253249237, 3.204344253249237, 3.204344253249237, 3.204344253249237, 5.034648508709828, 5.034648508709828, 6.864952764170418, -3.204344253249237, -3.204344253249237, -6.864952764170418, -6.864952764170418, -6.864952764170418, -6.864952764170418, -6.864952764170418, -6.864952764170418, 6.864952764170418, 6.864952764170418, 6.864952764170418, -3.204344253249237, -3.204344253249237, -3.204344253249237, -3.204344253249237, -3.204344253249237, -3.204344253249237, -3.204344253249237, -3.204344253249237], [0.0, 0.0, 0.0, 0.0, 0.0, 0.0, 0.0, 0.0, 0.0, 0.0, 0.0, 0.0, 0.0, 0.0, 0.0, 0.0, 0.0, 0.0, 0.0, 0.0, 0.0, 0.0, 0.0, 0.0, 0.0, 0.0, 0.0, 0.0, 0.0, 0.0, 0.0, 0.0, 0.0, 0.0, 0.0, 0.0, 0.0, 0.0, 0.0, 0.0, 0.0, 0.0, 0.0, 0.0, 0.0, 0.0, 0.0, 0.0, 0.0, 0.0, 0.0, 0.0, 0.0, 0.0, 0.0, 0.0, 0.0, 0.0, 0.0, 0.0, 0.0, 0.0, 0.0, 0.0, 0.0, 0.0, 0.0, 0.0, 0.0, 0.0, 0.0, 0.0, 0.0, 0.0, 0.0, 0.0, 0.0, 0.0, 0.0, 0.0, -5.077280940581008, -5.077280940581008, -2.2541666208906257, -2.2541666208906257, -2.2541666208906257, -2.2541666208906257, -2.2541666208906257, -2.2541666208906257, 2.2541666208906257, 2.2541666208906257, 2.2541666208906257, -5.077280940581008, -5.077280940581008, -5.077280940581008, -5.077280940581008, -5.077280940581008, -5.077280940581008, -5.077280940581008, -5.077280940581008]], "y_traj": [270.5, 270.5, 270.5, 270.25, 270.0, 270.0, 270.0, 268.0, 267.25, 265.75, 262.5, 261.5, 259.75, 259.75, 258.75, 256.0, 251.75, 251.75, 250.5, 250.25, 249.25, 247.0, 246.5, 246.5, 244.0, 242.75, 242.75, 241.25, 239.5, 239.25, 235.0, 234.25, 232.5, 232.5, 232.25, 229.25, 229.25, 226.5, 226.5, 226.5, 225.25, 223.25, 221.75, 220.0, 218.0, 216.75, 216.75, 215.0, 213.5, 213.0, 207.25, 203.25, 202.25, 202.5, 202.0, 201.75, 199.75, 199.5, 198.5, 198.5, 197.25, 197.0, 196.0, 195.25, 193.25, 192.25, 190.5, 189.25, 187.25, 185.75, 184.5, 184.5, 182.75, 180.25, 179.75, 177.0, 176.5, 176.0, 173.5, 176.25, 176.0, 174.75, 174.5, 175.25, 175.0, 175.0, 176.25, 178.0, 179.0, 179.25, 183.25, 183.0, 182.25, 182.25, 181.75, 181.5, 182.5, 183.0],