{"x_path": [364.0, 364.0, 364.0, 364.0, 364.25, 364.25, 365.0, 365.25, 366.75, 368.75, 372.0, 373.75, 375.25, 375.25, 379.25, 380.0, 383.0, 383.0, 384.25, 388.25, 390.0, 392.0, 392.0, 394.0, 394.0, 398.25, 399.25, 399.25, 401.25, 403.0, 405.0, 410.0, 411.75, 413.75, 413.75, 414.0, 417.0, 419.25, 419.25, 421.5, 422.25, 423.75, 429.25, 431.25, 431.25, 431.75, 433.75, 433.75, 436.0, 438.0, 438.75, 440.25, 442.25, 443.75, 445.5, 445.5, 446.75, 449.0, 452.0, 452.0, 453.75, 455.0, 454.75, 455.25, 456.0, 461.0, 461.0, 462.5, 463.75, 465.5, 465.5, 468.25, 468.5, 469.75, 474.0, 474.0, 471.0, 471.0, 468.5, 468.5, 466.25, 470.0, 470.0, 470.0, 467.0, 466.0, 466.0, 466.0], "x_traj": [366.0, 366.0, 366.0, 366.0, 366.25, 366.25, 367.0, 367.25, 368.75, 370.75, 374.0, 375.75, 377.25, 377.25, 381.25, 382.0, 385.0, 385.0, 386.25, 390.25, 392.0, 394.0, 394.0, 396.0, 396.0, 400.25, 401.25, 401.25, 403.25, 405.0, 407.0, 412.0, 413.75, 415.75, 415.75, 416.0, 419.0, 421.25, 421.25, 423.5, 424.25, 425.75, 431.25, 433.25, 433.25, 433.75, 435.75, 435.75, 438.0, 440.0, 440.75, 442.25, 444.25, 445.75, 447.5, 447.5, 448.75, 451.0, 454.0, 454.0, 455.75, 457.0, 456.75, 457.25, 458.0, 463.0, 463.0, 464.5, 465.75, 467.5, 467.5, 470.25, 470.5, 467.75, 472.0, 472.0, 469.0, 469.0, 470.5, 470.5, 468.25, 468.0, 468.0, 468.0, 469.0, 468.0, 468.0, 468.0], "delta_q": [[0.0, 0.0, 0.0, 0.0, 0.0, 0.0, 0.0, 0.0, 0.0, 0.0, 0.0, 0.0, 0.0, 0.0, 0.0, 0.0, 0.0, 0.0, 0.0, 0.0, 0.0, 0.0, 0.0, 0.0, 0.0, 0.0, 0.0, 0.0, 0.0, 0.0, 0.0, 0.0, 0.0, 0.0, 0.0, 0.0, 0.0, 0.0, 0.0, 0.0, 0.0, 0.0, 0.0, 0.0, 0.0, 0.0, 0.0, 0.0, 0.0, 0.0, 0.0, 0.0, 0.0, 0.0, 0.0, 0.0, 0.0, 0.0, 0.0, 0.0, 0.0, 0.0, 0.0, 0.0, 0.0, 0.0, 0.0, 0.0, 0.0, 0.0, 0.0, 0.0, 0.0, 0.0, 8.178931358699547, 8.178931358699547, 8.178931358699547, 8.178931358699547, 8.178931358699547, -1.6615156479435331, -1.6615156479435331, -1.6615156479435331, 8.178931358699547, 8.178931358699547, 8.178931358699547, -1.6615156479435331, -1.6615156479435331, -1.6615156479435331, -1.6615156479435331], [0.0, 6.864952764170418, 6.864952764170418, 6.864952764170418, 6.864952764170418, 6.864952764170418, 6.864952764170418, 6.864952764170418, 6.864952764170418, 6.864952764170418, 6.864952764170418, 6.864952764170418, 6.864952764170418, 6.864952764170418, 6.864952764170418, 6.864952764170418, 6.864952764170418, 6.864952764170418, 6.864952764170418, 6.864952764170418, 6.864952764170418, 6.864952764170418, 6.864952764170418, 6.864952764170418, 6.864952764170418, 6.864952764170418, 6.864952764170418, 6.864952764170418, 6.864952764170418, 6.864952764170418, 6.864952764170418, 6.864952764170418, 6.864952764170418, 6.864952764170418, 6.864952764170418, 6.864952764170418, 6.864952764170418, 6.864952764170418, 6.864952764170418, 6.864952764170418, 6.864952764170418, 6.864952764170418, 6.864952764170418, 6.864952764170418, 6.864952764170418, 6.864952764170418, 6.864952764170418, 6.864952764170418, 6.864952764170418, 6.864952764170418, 6.864952764170418, 6.864952764170418, 6.864952764170418, 6.864952764170418, 6.864952764170418, 6.864952764170418, 6.864952764170418, 6.864952764170418, 6.864952764170418, 6.864952764170418, 6.864952764170418, 6.864952764170418, 6.864952764170418, 6.864952764170418, 6.864952764170418, 6.864952764170418, 6.864952764170418, 6.864952764170418, 6.864952764170418, 6.864952764170418, 6.864952764170418, 6.864952764170418, 6.864952764170418, 6.864952764170418, 3.204344253249237, 3.204344253249237, 3.204344253249237, 3.204344253249237, 3.204344253249237, 6.864952764170418, 6.864952764170418, 6.864952764170418, 3.204344253249237, 3.204344253249237, 3.204344253249237, 6.864952764170418, 6.864952764170418, 6.864952764170418, 6.864952764170418], [0.0, 0.0, 0.0, 0.0, 0.0, 0.0, 0.0, 0.0, 0.0, 0.0, 0.0, 0.0, 0.0, 0.0, 0.0, 0.0, 0.0, 0.0, 0.0, 0.0, 0.0, 0.0, 0.0, 0.0, 0.0, 0.0, 0.0, 0.0, 0.0, 0.0, 0.0, 0.0, 0.0, 0.0, 0.0, 0.0, 0.0, 0.0, 0.0, 0.0, 0.0, 0.0, 0.0, 0.0, 0.0, 0.0, 0.0, 0.0, 0.0, 0.0, 0.0, 0.0, 0.0, 0.0, 0.0, 0.0, 0.0, 0.0, 0.0, 0.0, 0.0, 0.0, 0.0, 0.0, 0.0, 0.0, 0.0, 0.0, 0.0, 0.0, 0.0, 0.0, 0.0, 0.0, 0.0, 0.0, 0.0, 0.0, 0.0, 0.0, 0.0, 0.0, 0.0, 0.0, 0.0, 0.0, 0.0, 0.0, 0.0]], "y_traj": [255.75, 256.0, 255.75, 256.0, 255.75, 255.75, 255.0, 253.75, 252.5, 249.75, 246.0, 244.5, 243.0, 243.0, 238.25, 236.75, 234.0, 234.0, 231.75, 228.0, 225.5, 223.0, 223.25, 221.5, 221.5, 216.75, 214.5, 214.5, 212.75, 210.75, 208.75, 203.0, 201.25, 198.5, 198.5, 198.75, 195.0, 193.0, 193.0, 190.0, 190.25, 187.75, 181.5, 179.75, 179.75, 179.0, 177.0, 177.0, 174.5, 172.0, 172.5, 170.0, 167.0, 166.25, 163.5, 163.5, 162.75, 160.75, 158.0, 158.0, 154.5, 154.5, 153.75, 153.75, 153.0, 147.25, 147.25, 146.0, 145.5, 143.0, 143.0, 139.5, 139.5, 138.5, 133.25, 133.25, 131.25, 131.25, 129.5, 129.5, 129.0, 125.5, 125.5, 125.25, 123.25, 122.5, 122.5, 122.5], "qqq": [[900, 900, 900, 900, 900, 900, 900, 900, 900, 900, 900, 900, 900, 900, 900, 900, 900, 900, 900, 900, 900, 900, 900, 900, 900, 900, 900, 900, 900, 900, 900, 900, 900, 900, 900, 900, 900, 900, 900, 900, 900, 900, 900, 900, 900, 900, 900, 900, 900, 900, 900, 900, 900, 900, 900, 900, 900, 900, 900, 900, 900, 900, 900, 900, 900, 900, 900, 900, 900, 900, 900, 900, 900, 900, 908, 916, 924, 932, 940, 938, 936, 934, 942, 950, 958, 956, 954, 952, 950], [900, 907, 914, 921, 928, 935, 942, 949, 956, 963, 970, 977, 984, 991, 998, 1005, 1012, 1019, 1026, 1033, 1040, 1047, 1054, 1061, 1068, 1075, 1082, 1089, 1096, 1103, 1110, 1117, 1124, 1131, 1138, 1145, 1152, 1159, 1166, 1173, 1180, 1187, 1194, 1201, 1208, 1215, 1222, 1229, 1236, 1243, 1250, 1257, 1264, 1271, 1278, 1285, 1292, 1299, 1306, 1313, 1320, 1327, 1334, 1341, 1348, 1355, 1362, 1369, 1376, 1383, 1390, 1397, 1404, 1411, 1414, 1417, 1420, 1423, 1426, 1433, 1440, 1447, 1450, 1453, 1456, 1463, 1470, 1477, 1484], [2300, 2300, 2300, 2300, 2300, 2300, 2300, 2300, 2300, 2300, 2300, 2300, 2300, 2300, 2300, 2300, 2300, 2300, 2300, 2300, 2300, 2300, 2300, 2300, 2300, 2300, 2300, 2300, 2300, 2300, 2300, 2300, 2300, 2300, 2300, 2300, 2300, 2300, 2300, 2300, 2300, 2300, 2300, 2300, 2300, 2300, 2300, 2300, 2300, 2300, 2300, 2300, 2300, 2300, 2300, 2300, 2300, 2300, 2300, 2300, 2300, 2300, 2300, 2300, 2300, 2300, 2300, 2300, 2300, 2300, 2300, 2300, 2300, 2300, 2300, 2300, 2300, 2300, 2300, 2300, 2300, 2300, 2300, 2300, 2300, 2300, 2300, 2300, 2300]], "delta_xy": [[0.0, 2.0, 2.0, 2.0, 2.0, 2.0, 2.0, 2.0, 2.0, 2.0, 2.0, 2.0, 2.0, 2.0, 2.0, 2.0, 2.0, 2.0, 2.0, 2.0, 2.0, 2.0, 2.0, 2.0, 2.0, 2.0, 2.0, 2.0, 2.0, 2.0, 2.0, 2.0, 2.0, 2.0, 2.0, 2.0, 2.0, 2.0, 2.0, 2.0, 2.0, 2.0, 2.0, 2.0, 2.0, 2.0, 2.0, 2.0, 2.0, 2.0, 2.0, 2.0, 2.0, 2.0, 2.0, 2.0, 2.0, 2.0, 2.0, 2.0, 2.0, 2.0, 2.0, 2.0, 2.0, 2.0, 2.0, 2.0, 2.0, 2.0, 2.0, 2.0, 2.0, 2.0, -2.0, -2.0, -2.0, -2.0, -2.0, 2.0, 2.0, 2.0, -2.0, -2.0, -2.0, 2.0, 2.0, 2.0, 2.0], [0.0, -2.0, -2.0, -2.0, -2.0, -2.0, -2.0, -2.0, -2.0, -2.0, -2.0, -2.0, -2.0, -2.0, -2.0, -2.0, -2.0, -2.0, -2.0, -2.0, -2.0, -2.0, -2.0, -2.0, -2.0, -2.0, -2.0, -2.0, -2.0, -2.0, -2.0, -2.0, -2.0, -2.0, -2.0, -2.0, -2.0, -2.0, -2.0, -2.0, -2.0, -2.0, -2.0, -2.0, -2.0, -2.0, -2.0, -2.0, -2.0, -2.0, -2.0, -2.0, -2.0, -2.0, -2.0, -2.0, -2.0, -2.0, -2.0, -2.0, -2.0, -2.0, -2.0, -2.0, -2.0, -2.0, -2.0, -2.0, -2.0, -2.0, -2.0, -2.0, -2.0, -2.0, -2.0, -2.0, -2.0, -2.0, -2.0, -2.0, -2.0, -2.0, -2.0, -2.0, -2.0, -2.0, -2.0, -2.0, -2.0]], "y_path": [257.75, 258.0, 257.75, 258.0, 257.75, 257.75, 257.0, 255.75, 254.5, 251.75, 248.0, 246.5, 245.0, 245.0, 240.25, 238.75, 236.0, 236.0, 233.75, 230.0, 227.5, 225.0, 225.25, 223.5, 223.5, 218.75, 216.5, 216.5, 214.75, 212.75, 210.75, 205.0, 203.25, 200.5, 200.5, 200.75, 197.0, 195.0, 195.0, 192.0, 192.25, 189.75, 183.5, 181.75, 181.75, 181.0, 179.0, 179.0, 176.5, 174.0, 174.5, 172.0, 169.0, 168.25, 165.5, 165.5, 164.75, 162.75, 160.0, 160.0, 156.5, 156.5, 155.75, 155.75, 155.0, 149.25, 149.25, 148.0, 147.5, 145.0, 145.0, 141.5, 141.5, 140.5, 135.25, 135.25, 133.25, 133.25, 131.5, 131.5, 131.0, 127.5, 127.5, 127.25, 125.25, 124.5, 124.5, 124.5]}