{"Ji": [[-0.21833333333333335, 0.15694444444444436, -0.06944444444444446], [-0.03083333333333333, -0.23222222222222205, -0.23111111111111104]], "Delta_Qs": [[10.0, 10.0, 10.0, 10.0, 10.0, 10.0, 10.0, 10.0, 10.0, 10.0, 10.0, 10.0, 10.0, 10.0, 10.0, -10.0, -10.0, -10.0, -10.0, -10.0, -10.0, -10.0, -10.0, -10.0, -10.0, -10.0, -10.0, -10.0, -10.0, -10.0, 0.0, 0.0, 0.0, 0.0, 0.0, 0.0, 0.0, 0.0, 0.0, 0.0, 0.0, 0.0, 0.0, 0.0, 0.0, 0.0, 0.0, 0.0, 0.0, 0.0, 0.0, 0.0, 0.0, 0.0, 0.0, 0.0, 0.0, 0.0, 0.0, 0.0, 0.0, 0.0, 0.0, 0.0, 0.0, 0.0, 0.0, 0.0, 0.0, 0.0, 0.0, 0.0, 0.0, 0.0, 0.0, 0.0, 0.0, 0.0, 0.0, 0.0, 0.0, 0.0, 0.0, 0.0, 0.0, 0.0, 0.0, 0.0, 0.0, 0.0, 0.0, 0.0, 0.0, 0.0, 0.0, 0.0, 0.0, 0.0, 0.0, 0.0, 0.0, 0.0, 0.0, 0.0, 0.0, 0.0, 0.0, 0.0, 0.0, 0.0, 0.0, 0.0, 0.0, 0.0, 0.0, 0.0, 0.0, 0.0, 0.0, 0.0, 0.0], [0.0, 0.0, 0.0, 0.0, 0.0, 0.0, 0.0, 0.0, 0.0, 0.0, 0.0, 0.0, 0.0, 0.0, 0.0, 0.0, 0.0, 0.0, 0.0, 0.0, 0.0, 0.0, 0.0, 0.0, 0.0, 0.0, 0.0, 0.0, 0.0, 0.0, 10.0, 10.0, 10.0, 10.0, 10.0, 10.0, 10.0, 10.0, 10.0, 10.0, 10.0, 10.0, 10.0, 10.0, 10.0, -10.0, -10.0, -10.0, -10.0, -10.0, -10.0, -10.0, -10.0, -10.0, -10.0, -10.0, -10.0, -10.0, -10.0, -10.0, 0.0, 0.0, 0.0, 0.0, 0.0, 0.0, 0.0, 0.0, 0.0, 0.0, 0.0, 0.0, 0.0, 0.0, 0.0, 0.0, 0.0, 0.0, 0.0, 0.0, 0.0, 0.0, 0.0, 0.0, 0.0, 0.0, 0.0, 0.0, 0.0, 0.0, 10.0, 10.0, 10.0, 10.0, 10.0, 10.0, 10.0, 10.0, 10.0, 10.0, 10.0, 10.0, 10.0, 10.0, 10.0, -10.0, -10.0, -10.0, -10.0, -10.0, -10.0, -10.0, -10.0, -10.0, -10.0, -10.0, -10.0, -10.0, -10.0, -10.0, 0.0], [0.0, 0.0, 0.0, 0.0, 0.0, 0.0, 0.0, 0.0, 0.0, 0.0, 0.0, 0.0, 0.0, 0.0, 0.0, 0.0, 0.0, 0.0, 0.0, 0.0, 0.0, 0.0, 0.0, 0.0, 0.0, 0.0, 0.0, 0.0, 0.0, 0.0, 0.0, 0.0, 0.0, 0.0, 0.0, 0.0, 0.0, 0.0, 0.0, 0.0, 0.0, 0.0, 0.0, 0.0, 0.0, 0.0, 0.0, 0.0, 0.0, 0.0, 0.0, 0.0, 0.0, 0.0, 0.0, 0.0, 0.0, 0.0, 0.0, 0.0, -10.0, -10.0, -10.0, -10.0, -10.0, -10.0, -10.0, -10.0, -10.0, -10.0, -10.0, -10.0, -10.0, -10.0, -10.0, 10.0, 10.0, 10.0, 10.0, 10.0, 10.0, 10.0, 10.0, 10.0, 10.0, 10.0, 10.0, 10.0, 10.0, 10.0, -10.0, -10.0, -10.0, -10.0, -10.0, -10.0, -10.0, -10.0, -10.0, -10.0, -10.0, -10.0, -10.0, -10.0, -10.0, 10.0, 10.0, 10.0, 10.0, 10.0, 10.0, 10.0, 10.0, 10.0, 10.0, 10.0, 10.0, 10.0, 10.0, 10.0, 0.0]], "Delta_EE": [[-0.5, 0.0, -2.25, -3.25, -3.5, -1.25, -2.5, -2.0, -2.75, -3.0, -3.0, -2.0, -3.0, -2.0, -5.75, 0.25, 0.75, 1.5, 2.0, 3.0, 3.75, 2.25, 2.5, 4.25, 0.0, 2.0, 3.0, 0.75, 1.5, 1.25, 1.5, -0.25, 1.0, 4.0, 0.0, 2.75, 2.25, 2.0, 4.25, 0.0, 4.5, 0.25, 1.75, 2.0, 2.25, 2.0, 0.0, -0.5, -1.75, -3.25, -2.25, -3.25, 0.0, -1.75, -2.0, -3.0, -3.0, 0.0, -1.5, -2.25, -0.5, 0.25, 0.0, 1.0, 0.25, 1.0, 1.25, 1.0, 0.75, 1.25, 1.75, 0.5, 1.25, 1.0, 1.25, 0.25, -0.25, -0.75, -0.25, -2.5, -0.5, -0.75, -1.5, -0.75, -2.0, 0.0, -0.75, -1.0, -1.5, -0.25, -1.0, 0.0, 1.0, 3.75, 0.0, 3.5, 2.75, 3.5, 1.75, 6.75, 0.25, 3.75, 2.5, 2.25, 2.75, 3.0, -0.5, -1.75, -0.25, -5.75, -0.25, -5.25, -0.5, -2.25, -3.75, -3.0, -3.0, -5.0, 0.25, -2.75, -2.0], [0.25, 0.0, -0.5, -0.25, -0.75, -0.75, -0.25, -0.25, -0.75, -0.25, -0.5, -0.25, -0.5, -0.5, -0.5, 0.25, -0.25, 0.0, 0.0, 0.5, 1.0, 0.0, 0.5, 0.25, -0.25, 0.5, 0.25, 0.0, 0.5, 0.25, -0.75, 0.25, -2.25, -4.75, -0.25, -3.0, -2.75, -3.25, -5.5, 0.0, -6.25, -0.5, -2.75, -1.5, -3.25, -2.75, 0.25, 1.0, 3.25, 4.75, 4.0, 4.0, 0.25, 2.0, 3.5, 4.25, 4.0, 0.0, 2.75, 2.75, 1.0, 0.0, 1.25, 5.25, 0.25, 2.5, 3.25, 2.75, 1.75, 3.0, 4.5, 2.5, 2.25, 2.75, 3.0, 0.0, 0.0, -3.5, 0.25, -5.75, -1.5, -0.5, -3.75, -2.5, -5.75, 0.0, -2.5, -2.5, -2.5, -2.0, -2.5, -0.5, 0.0, 0.5, 0.0, -1.0, 1.0, -0.5, 0.0, 0.25, 0.25, -0.75, 0.75, 1.0, 0.0, -1.0, 0.25, 0.75, -0.25, -0.5, 0.25, 0.75, -0.25, -0.5, -0.5, -0.5, 0.5, -1.25, 0.5, -0.25, 0.25]]}