{"x_path": [319.5, 319.5, 319.5, 319.5, 319.5, 320.0, 319.75, 320.0, 320.0, 319.75, 319.75, 319.5, 320.25, 319.5, 319.5, 320.5, 320.25, 321.0, 320.75, 321.0, 321.0, 321.25, 321.25, 320.75, 320.5, 320.0, 320.0, 319.5, 318.75, 318.75, 317.75, 316.5, 314.25, 314.25, 311.75, 309.0, 309.0, 309.0, 308.5, 306.25, 305.25, 305.25, 304.75, 303.75, 303.75, 302.75, 301.5, 300.5, 298.25, 296.75, 296.5, 295.5, 295.5, 293.25, 291.5, 291.5, 290.5, 290.5, 289.25, 287.5, 287.5, 285.5, 284.25, 284.25, 283.0, 281.5, 281.25, 278.0, 275.75, 275.5, 275.5, 274.5, 272.5, 272.0, 272.25, 272.25, 270.5, 269.0, 267.0, 264.75, 264.75, 264.5, 264.5, 264.5, 262.25, 261.25, 261.0, 260.25, 259.5, 258.25, 258.25, 257.25, 255.75, 255.25, 254.5, 252.5, 251.75, 249.25, 250.5, 250.25, 251.0, 251.0, 248.25, 248.25, 250.75, 250.5, 251.5, 251.5, 251.25, 251.25, 251.25, 247.5, 246.75, 250.0], "x_traj": [317.5, 317.5, 317.5, 317.5, 317.5, 318.0, 317.75, 318.0, 318.0, 317.75, 317.75, 317.5, 318.25, 317.5, 317.5, 318.5, 318.25, 319.0, 318.75, 319.0, 319.0, 319.25, 319.25, 318.75, 318.5, 318.0, 318.0, 317.5, 316.75, 316.75, 315.75, 314.5, 312.25, 312.25, 309.75, 307.0, 307.0, 307.0, 306.5, 304.25, 303.25, 303.25, 302.75, 301.75, 301.75, 300.75, 299.5, 298.5, 296.25, 294.75, 294.5, 293.5, 293.5, 291.25, 289.5, 289.5, 288.5, 288.5, 287.25, 285.5, 285.5, 283.5, 282.25, 282.25, 281.0, 279.5, 279.25, 276.0, 273.75, 273.5, 273.5, 272.5, 270.5, 270.0, 270.25, 270.25, 268.5, 267.0, 265.0, 262.75, 262.75, 262.5, 262.5, 262.5, 260.25, 259.25, 259.0, 258.25, 257.5, 256.25, 256.25, 255.25, 253.75, 253.25, 252.5, 250.5, 249.75, 251.25, 248.5, 248.25, 249.0, 249.0, 250.25, 250.25, 248.75, 248.5, 249.5, 249.5, 249.25, 249.25, 249.25, 249.5, 248.75, 250.0], "delta_q": [[0.0, 4.581325402444383, 4.581325402444383, 4.581325402444383, 4.581325402444383, 4.581325402444383, 4.581325402444383, 4.581325402444383, 4.581325402444383, 4.581325402444383, 4.581325402444383, 4.581325402444383, 4.581325402444383, 4.581325402444383, 4.581325402444383, 4.581325402444383, 4.581325402444383, 4.581325402444383, 4.581325402444383, 4.581325402444383, 4.581325402444383, 4.581325402444383, 4.581325402444383, 4.581325402444383, 4.581325402444383, 4.581325402444383, 4.581325402444383, 4.581325402444383, 4.581325402444383, 4.581325402444383, 4.581325402444383, 4.581325402444383, 4.581325402444383, 4.581325402444383, 4.581325402444383, 4.581325402444383, 4.581325402444383, 4.581325402444383, 4.581325402444383, 4.581325402444383, 4.581325402444383, 4.581325402444383, 4.581325402444383, 4.581325402444383, 4.581325402444383, 4.581325402444383, 4.581325402444383, 4.581325402444383, 4.581325402444383, 4.581325402444383, 4.581325402444383, 4.581325402444383, 4.581325402444383, 4.581325402444383, 4.581325402444383, 4.581325402444383, 4.581325402444383, 4.581325402444383, 4.581325402444383, 4.581325402444383, 4.581325402444383, 4.581325402444383, 4.581325402444383, 4.581325402444383, 4.581325402444383, 4.581325402444383, 4.581325402444383, 4.581325402444383, 4.581325402444383, 4.581325402444383, 4.581325402444383, 4.581325402444383, 4.581325402444383, 4.581325402444383, 4.581325402444383, 4.581325402444383, 4.581325402444383, 4.581325402444383, 4.581325402444383, 4.581325402444383, 4.581325402444383, 4.581325402444383, 4.581325402444383, 4.581325402444383, 4.581325402444383, 4.581325402444383, 4.581325402444383, 4.581325402444383, 4.581325402444383, 4.581325402444383, 4.581325402444383, 4.581325402444383, 4.581325402444383, 4.581325402444383, 4.581325402444383, 4.581325402444383, 4.581325402444383, 4.581325402444383, -7.207866244180829, 4.581325402444383, 4.581325402444383, 4.581325402444383, 4.581325402444383, -7.207866244180829, -7.207866244180829, 4.581325402444383, 4.581325402444383, 4.581325402444383, 4.581325402444383, 4.581325402444383, 4.581325402444383, 4.581325402444383, -7.207866244180829, -7.207866244180829, 0.0], [0.0, 0.0, 0.0, 0.0, 0.0, 0.0, 0.0, 0.0, 0.0, 0.0, 0.0, 0.0, 0.0, 0.0, 0.0, 0.0, 0.0, 0.0, 0.0, 0.0, 0.0, 0.0, 0.0, 0.0, 0.0, 0.0, 0.0, 0.0, 0.0, 0.0, 0.0, 0.0, 0.0, 0.0, 0.0, 0.0, 0.0, 0.0, 0.0, 0.0, 0.0, 0.0, 0.0, 0.0, 0.0, 0.0, 0.0, 0.0, 0.0, 0.0, 0.0, 0.0, 0.0, 0.0, 0.0, 0.0, 0.0, 0.0, 0.0, 0.0, 0.0, 0.0, 0.0, 0.0, 0.0, 0.0, 0.0, 0.0, 0.0, 0.0, 0.0, 0.0, 0.0, 0.0, 0.0, 0.0, 0.0, 0.0, 0.0, 0.0, 0.0, 0.0, 0.0, 0.0, 0.0, 0.0, 0.0, 0.0, 0.0, 0.0, 0.0, 0.0, 0.0, 0.0, 0.0, 0.0, 0.0, 0.0, 0.0, 0.0, 0.0, 0.0, 0.0, 0.0, 0.0, 0.0, 0.0, 0.0, 0.0, 0.0, 0.0, 0.0, 0.0, 0.0, 0.0], [0.0, -1.9828126572110696, -1.9828126572110696, -1.9828126572110696, -1.9828126572110696, -1.9828126572110696, -1.9828126572110696, -1.9828126572110696, -1.9828126572110696, -1.9828126572110696, -1.9828126572110696, -1.9828126572110696, -1.9828126572110696, -1.9828126572110696, -1.9828126572110696, -1.9828126572110696, -1.9828126572110696, -1.9828126572110696, -1.9828126572110696, -1.9828126572110696, -1.9828126572110696, -1.9828126572110696, -1.9828126572110696, -1.9828126572110696, -1.9828126572110696, -1.9828126572110696, -1.9828126572110696, -1.9828126572110696, -1.9828126572110696, -1.9828126572110696, -1.9828126572110696, -1.9828126572110696, -1.9828126572110696, -1.9828126572110696, -1.9828126572110696, -1.9828126572110696, -1.9828126572110696, -1.9828126572110696, -1.9828126572110696, -1.9828126572110696, -1.9828126572110696, -1.9828126572110696, -1.9828126572110696, -1.9828126572110696, -1.9828126572110696, -1.9828126572110696, -1.9828126572110696, -1.9828126572110696, -1.9828126572110696, -1.9828126572110696, -1.9828126572110696, -1.9828126572110696, -1.9828126572110696, -1.9828126572110696, -1.9828126572110696, -1.9828126572110696, -1.9828126572110696, -1.9828126572110696, -1.9828126572110696, -1.9828126572110696, -1.9828126572110696, -1.9828126572110696, -1.9828126572110696, -1.9828126572110696, -1.9828126572110696, -1.9828126572110696, -1.9828126572110696, -1.9828126572110696, -1.9828126572110696, -1.9828126572110696, -1.9828126572110696, -1.9828126572110696, -1.9828126572110696, -1.9828126572110696, -1.9828126572110696, -1.9828126572110696, -1.9828126572110696, -1.9828126572110696, -1.9828126572110696, -1.9828126572110696, -1.9828126572110696, -1.9828126572110696, -1.9828126572110696, -1.9828126572110696, -1.9828126572110696, -1.9828126572110696, -1.9828126572110696, -1.9828126572110696, -1.9828126572110696, -1.9828126572110696, -1.9828126572110696, -1.9828126572110696, -1.9828126572110696, -1.9828126572110696, -1.9828126572110696, -1.9828126572110696, -1.9828126572110696, -1.9828126572110696, -7.2140227821610905, -1.9828126572110696, -1.9828126572110696, -1.9828126572110696, -1.9828126572110696, -7.2140227821610905, -7.2140227821610905, -1.9828126572110696, -1.9828126572110696, -1.9828126572110696, -1.9828126572110696, -1.9828126572110696, -1.9828126572110696, -1.9828126572110696, -7.2140227821610905, -7.2140227821610905, 0.0]], "y_traj": [221.5, 221.5, 221.5, 221.5, 221.5, 221.5, 221.5, 221.5, 221.5, 221.5, 222.0, 222.5, 223.5, 224.0, 224.0, 225.25, 225.75, 226.5, 227.25, 227.75, 228.75, 229.5, 229.5, 230.25, 230.5, 231.0, 231.0, 231.0, 232.25, 232.25, 233.25, 234.0, 234.25, 234.25, 235.25, 236.0, 235.75, 236.25, 236.75, 237.0, 237.0, 237.0, 237.5, 238.0, 238.0, 238.75, 239.0, 239.25, 239.75, 241.0, 241.75, 242.25, 242.25, 243.75, 244.75, 245.0, 245.25, 245.0, 244.75, 245.5, 245.5, 246.0, 246.5, 246.5, 246.75, 248.25, 248.25, 249.0, 250.5, 250.75, 250.75, 251.25, 251.5, 251.5, 252.25, 252.25, 252.5, 252.25, 252.75, 253.75, 254.0, 254.25, 254.25, 254.25, 255.0, 256.5, 257.0, 257.75, 258.5, 258.25, 258.25, 259.75, 259.75, 260.25, 260.25, 261.25, 261.5, 262.25, 264.0, 264.0, 265.0, 265.0, 265.25, 265.25, 268.75, 269.0, 269.75, 270.25, 269.75, 269.75, 270.25, 270.5, 270.75, 273.0],