{"x_path": [333.0, 333.0, 333.0, 333.0, 333.0, 333.0, 333.0, 333.0, 332.5, 332.5, 332.0, 332.0, 331.0, 331.0, 329.25, 329.25, 326.5, 326.5, 316.75, 316.75, 316.25, 316.25, 315.0, 315.0, 312.0, 312.0, 308.0, 308.0, 304.25, 304.25, 297.75, 297.75, 294.75, 294.75, 286.25, 286.25, 286.0, 286.0, 278.5, 278.5, 278.5, 278.5, 276.75, 276.75, 273.25, 273.25, 262.5, 262.5, 262.25, 262.25, 262.25, 262.25, 263.25, 263.25, 274.75, 274.75, 275.0, 275.0, 274.75, 274.75, 273.75, 273.75, 263.0, 263.0, 263.0, 263.0, 263.25, 263.25, 274.0, 274.25, 274.25, 274.75, 274.75, 273.25, 273.25, 271.25, 271.25, 261.5, 261.5, 261.5, 261.5, 262.0, 262.0, 268.25, 272.0, 272.0, 272.25, 272.25, 271.5, 271.5, 269.75, 269.75, 259.75, 259.75, 260.0, 260.0, 260.75, 260.75, 267.0, 267.0, 271.75, 272.0, 272.0, 270.75, 270.75, 268.5, 268.5, 259.75, 259.5, 259.5, 259.5, 259.5, 268.75, 268.75, 268.75, 269.0, 269.0, 267.5, 267.5, 265.75, 265.75, 259.0, 259.0, 257.0, 256.75, 256.75, 265.75, 265.75, 265.75, 265.75, 265.75, 264.75, 264.75, 262.25, 262.25, 257.0, 257.0, 259.5, 262.5, 262.5, 270.75, 270.75, 270.75, 270.75, 270.0, 270.0, 261.5, 261.5, 261.0, 261.0, 261.5, 261.5, 270.75, 270.75, 270.75, 270.75, 270.75, 270.75], "x_traj": [331.0, 331.0, 331.0, 331.0, 331.0, 331.0, 331.0, 331.0, 330.5, 330.5, 330.0, 330.0, 329.0, 329.0, 327.25, 327.25, 324.5, 324.5, 314.75, 314.75, 314.25, 314.25, 313.0, 313.0, 310.0, 310.0, 306.0, 306.0, 302.25, 302.25, 295.75, 295.75, 292.75, 292.75, 284.25, 284.25, 284.0, 284.0, 276.5, 276.5, 276.5, 276.5, 274.75, 274.75, 271.25, 271.25, 264.5, 264.5, 264.25, 264.25, 264.25, 264.25, 265.25, 265.25, 272.75, 272.75, 273.0, 273.0, 272.75, 272.75, 271.75, 271.75, 265.0, 265.0, 265.0, 265.0, 265.25, 265.25, 272.0, 272.25, 272.25, 272.75, 272.75, 271.25, 271.25, 269.25, 269.25, 263.5, 263.5, 263.5, 263.5, 264.0, 264.0, 266.25, 270.0, 270.0, 270.25, 270.25, 269.5, 269.5, 267.75, 267.75, 261.75, 261.75, 262.0, 262.0, 262.75, 262.75, 265.0, 265.0, 269.75, 270.0, 270.0, 268.75, 268.75, 266.5, 266.5, 261.75, 261.5, 261.5, 261.5, 261.5, 266.75, 266.75, 266.75, 267.0, 267.0, 265.5, 265.5, 263.75, 263.75, 261.0, 261.0, 259.0, 258.75, 258.75, 263.75, 263.75, 263.75, 263.75, 263.75, 262.75, 262.75, 264.25, 264.25, 259.0, 259.0, 261.5, 264.5, 264.5, 268.75, 268.75, 268.75, 268.75, 268.0, 268.0, 263.5, 263.5, 263.0, 263.0, 263.5, 263.5, 268.75, 268.75, 268.75, 268.75, 268.75, 268.75], "delta_q": [[0.0, 7.207866244180829, 7.207866244180829, 7.207866244180829, 7.207866244180829, 7.207866244180829, 7.207866244180829, 7.207866244180829, 7.207866244180829, 7.207866244180829, 7.207866244180829, 7.207866244180829, 7.207866244180829, 7.207866244180829, 7.207866244180829, 7.207866244180829, 7.207866244180829, 7.207866244180829, 7.207866244180829, 7.207866244180829, 7.207866244180829, 7.207866244180829, 7.207866244180829, 7.207866244180829, 7.207866244180829, 7.207866244180829, 7.207866244180829, 7.207866244180829, 7.207866244180829, 7.207866244180829, 7.207866244180829, 7.207866244180829, 7.207866244180829, 7.207866244180829, 7.207866244180829, 7.207866244180829, 7.207866244180829, 7.207866244180829, 7.207866244180829, 7.207866244180829, 7.207866244180829, 7.207866244180829, 7.207866244180829, 7.207866244180829, 7.207866244180829, 7.207866244180829, 7.207866244180829, -4.581325402444383, -4.581325402444383, -4.581325402444383, -4.581325402444383, -4.581325402444383, -4.581325402444383, -4.581325402444383, -4.581325402444383, 7.207866244180829, 7.207866244180829, 7.207866244180829, 7.207866244180829, 7.207866244180829, 7.207866244180829, 7.207866244180829, 7.207866244180829, -4.581325402444383, -4.581325402444383, -4.581325402444383, -4.581325402444383, -4.581325402444383, -4.581325402444383, 7.207866244180829, 7.207866244180829, 7.207866244180829, 7.207866244180829, 7.207866244180829, 7.207866244180829, 7.207866244180829, 7.207866244180829, 7.207866244180829, -4.581325402444383, -4.581325402444383, -4.581325402444383, -4.581325402444383, -4.581325402444383, -4.581325402444383, 7.207866244180829, 7.207866244180829, 7.207866244180829, 7.207866244180829, 7.207866244180829, 7.207866244180829, 7.207866244180829, 7.207866244180829, 7.207866244180829, -4.581325402444383, -4.581325402444383, -4.581325402444383, -4.581325402444383, -4.581325402444383, -4.581325402444383, 7.207866244180829, 7.207866244180829, 7.207866244180829, 7.207866244180829, 7.207866244180829, 7.207866244180829, 7.207866244180829, 7.207866244180829, 7.207866244180829, -4.581325402444383, -4.581325402444383, -4.581325402444383, -4.581325402444383, -4.581325402444383, 7.207866244180829, 7.207866244180829, 7.207866244180829, 7.207866244180829, 7.207866244180829, 7.207866244180829, 7.207866244180829, 7.207866244180829, 7.207866244180829, -4.581325402444383, -4.581325402444383, -4.581325402444383, -4.581325402444383, -4.581325402444383, 7.207866244180829, 7.207866244180829, 7.207866244180829, 7.207866244180829, 7.207866244180829, 7.207866244180829, 7.207866244180829, -4.581325402444383, -4.581325402444383, -4.581325402444383, -4.581325402444383, -4.581325402444383, -4.581325402444383, -4.581325402444383, 4.581325402444383, 4.581325402444383, 4.581325402444383, 4.581325402444383, 4.581325402444383, 4.581325402444383, -4.581325402444383, -4.581325402444383, -4.581325402444383, -4.581325402444383, -4.581325402444383, -4.581325402444383, 4.581325402444383, 4.581325402444383, 4.581325402444383, 4.581325402444383, 4.581325402444383, 4.581325402444383], [0.0, 0.0, 0.0, 0.0, 0.0, 0.0, 0.0, 0.0, 0.0, 0.0, 0.0, 0.0, 0.0, 0.0, 0.0, 0.0, 0.0, 0.0, 0.0, 0.0, 0.0, 0.0, 0.0, 0.0, 0.0, 0.0, 0.0, 0.0, 0.0, 0.0, 0.0, 0.0, 0.0, 0.0, 0.0, 0.0, 0.0, 0.0, 0.0, 0.0, 0.0, 0.0, 0.0, 0.0, 0.0, 0.0, 0.0, 7.247400704392012, 7.247400704392012, 7.247400704392012, 7.247400704392012, 7.247400704392012, 7.247400704392012, 7.247400704392012, 7.247400704392012, 0.475908961887443, 0.475908961887443, 0.475908961887443, 0.475908961887443, 0.475908961887443, 0.475908961887443, 0.475908961887443, 0.475908961887443, 7.247400704392012, 7.247400704392012, 7.247400704392012, 7.247400704392012, 7.247400704392012, 7.247400704392012, 0.475908961887443, 0.475908961887443, 0.475908961887443, 0.475908961887443, 0.475908961887443, 0.475908961887443, 0.475908961887443, 0.475908961887443, 0.475908961887443, 7.247400704392012, 7.247400704392012, 7.247400704392012, 7.247400704392012, 7.247400704392012, 7.247400704392012, 0.475908961887443, 0.475908961887443, 0.475908961887443, 0.475908961887443, 0.475908961887443, 0.475908961887443, 0.475908961887443, 0.475908961887443, 0.475908961887443, 7.247400704392012, 7.247400704392012, 7.247400704392012, 7.247400704392012, 7.247400704392012, 7.247400704392012, 0.475908961887443, 0.475908961887443, 0.475908961887443, 0.475908961887443, 0.475908961887443, 0.475908961887443, 0.475908961887443, 0.475908961887443, 0.475908961887443, 7.247400704392012, 7.247400704392012, 7.247400704392012, 7.247400704392012, 7.247400704392012, 0.475908961887443, 0.475908961887443, 0.475908961887443, 0.475908961887443, 0.475908961887443, 0.475908961887443, 0.475908961887443, 0.475908961887443, 0.475908961887443, 7.247400704392012, 7.247400704392012, 7.247400704392012, 7.247400704392012, 7.247400704392012, 0.475908961887443, 0.475908961887443, 0.475908961887443, 0.475908961887443, 0.475908961887443, 0.475908961887443, 0.475908961887443, 7.247400704392012, 7.247400704392012, 7.247400704392012, 7.247400704392012, 7.247400704392012, 7.247400704392012, 7.247400704392012, -7.247400704392012, -7.247400704392012, -7.247400704392012, -7.247400704392012, -7.247400704392012, -7.247400704392012, 7.247400704392012, 7.247400704392012, 7.247400704392012, 7.247400704392012, 7.247400704392012, 7.247400704392012, -7.247400704392012, -7.247400704392012, -7.247400704392012, -7.247400704392012, -7.247400704392012, -7.247400704392012], [0.0, 0.0, 0.0, 0.0, 0.0, 0.0, 0.0, 0.0, 0.0, 0.0, 0.0, 0.0, 0.0, 0.0, 0.0, 0.0, 0.0, 0.0, 0.0, 0.0, 0.0, 0.0, 0.0, 0.0, 0.0, 0.0, 0.0, 0.0, 0.0, 0.0, 0.0, 