{"x_path": [312.25, 312.25, 312.5, 312.5, 312.5, 312.5, 312.75, 312.75, 315.75, 315.75, 317.0, 317.0, 320.75, 320.75, 320.5, 320.5, 324.0, 324.0, 324.25, 324.25, 324.25, 324.25, 324.75, 324.75, 326.0, 326.0, 326.0, 326.0, 326.0, 326.0, 326.25, 326.25, 326.75, 326.75, 326.75, 326.75, 326.75, 326.75, 326.75, 326.75, 326.75, 326.75, 325.0, 325.0, 325.0, 325.0, 324.25, 324.25, 323.25, 323.25, 321.75, 321.75, 319.5, 319.5, 324.5, 324.5, 325.0, 325.0, 325.25, 325.25, 324.0, 324.0, 320.5, 320.5, 320.75, 320.75, 328.25, 328.25, 328.5, 328.5, 328.0, 328.0, 327.25, 327.25, 327.25, 327.25, 323.0, 323.0, 321.0, 321.0, 321.0, 321.0, 327.0, 327.0, 327.25, 327.25, 327.0, 327.0], "x_traj": [314.25, 314.25, 314.5, 314.5, 314.5, 314.5, 314.75, 314.75, 317.75, 317.75, 319.0, 319.0, 322.75, 322.75, 322.5, 322.5, 322.0, 322.0, 322.25, 322.25, 322.25, 322.25, 322.75, 322.75, 324.0, 324.0, 324.0, 324.0, 324.0, 324.0, 324.25, 324.25, 324.75, 324.75, 324.75, 324.75, 324.75, 324.75, 324.75, 324.75, 324.75, 324.75, 323.0, 323.0, 323.0, 323.0, 322.25, 322.25, 321.25, 321.25, 323.75, 323.75, 321.5, 321.5, 322.5, 322.5, 323.0, 323.0, 323.25, 323.25, 322.0, 322.0, 322.5, 322.5, 322.75, 322.75, 326.25, 326.25, 326.5, 326.5, 326.0, 326.0, 325.25, 325.25, 325.25, 325.25, 321.0, 321.0, 323.0, 323.0, 323.0, 323.0, 325.0, 325.0, 325.25, 325.25, 325.0, 325.0], "delta_q": [[0.0, 0.0, 0.0, 0.0, 0.0, 0.0, 0.0, 0.0, 0.0, 0.0, 0.0, 0.0, 0.0, 0.0, 0.0, 0.0, 0.0, 4.581325402444383, 4.581325402444383, 4.581325402444383, 4.581325402444383, 4.581325402444383, 4.581325402444383, 4.581325402444383, 4.581325402444383, 4.581325402444383, 4.581325402444383, 4.581325402444383, 4.581325402444383, 4.581325402444383, 4.581325402444383, 4.581325402444383, 4.581325402444383, 4.581325402444383, 4.581325402444383, 4.581325402444383, 4.581325402444383, 4.581325402444383, 4.581325402444383, 4.581325402444383, 4.581325402444383, 4.581325402444383, 4.581325402444383, 4.581325402444383, 4.581325402444383, 4.581325402444383, 4.581325402444383, 4.581325402444383, 4.581325402444383, 4.581325402444383, 4.581325402444383, -7.207866244180829, -7.207866244180829, -7.207866244180829, -7.207866244180829, 4.581325402444383, 4.581325402444383, 4.581325402444383, 4.581325402444383, 4.581325402444383, 4.581325402444383, 4.581325402444383, 4.581325402444383, -7.207866244180829, -7.207866244180829, -7.207866244180829, -7.207866244180829, 4.581325402444383, 4.581325402444383, 4.581325402444383, 4.581325402444383, 4.581325402444383, 4.581325402444383, 4.581325402444383, 4.581325402444383, 4.581325402444383, 4.581325402444383, 4.581325402444383, 4.581325402444383, -7.207866244180829, -7.207866244180829, -7.207866244180829, -7.207866244180829, 4.581325402444383, 4.581325402444383, 4.581325402444383, 4.581325402444383, 4.581325402444383, 4.581325402444383], [0.0, 0.0, 0.0, 0.0, 0.0, 0.0, 0.0, 0.0, 0.0, 0.0, 0.0, 0.0, 0.0, 0.0, 0.0, 0.0, 0.0, 0.0, 0.0, 0.0, 0.0, 0.0, 0.0, 0.0, 0.0, 0.0, 0.0, 0.0, 0.0, 0.0, 0.0, 0.0, 0.0, 0.0, 0.0, 0.0, 0.0, 0.0, 0.0, 0.0, 0.0, 0.0, 0.0, 0.0, 0.0, 0.0, 0.0, 0.0, 0.0, 0.0, 0.0, 0.0, 0.0, 0.0, 0.0, 0.0, 0.0, 0.0, 0.0, 0.0, 0.0, 0.0, 0.0, 0.0, 0.0, 0.0, 0.0, 0.0, 0.0, 0.0, 0.0, 0.0, 0.0, 0.0, 0.0, 0.0, 0.0, 0.0, 0.0, 0.0, 0.0, 0.0, 0.0, 0.0, 0.0, 0.0, 0.0, 0.0, 0.0], [0.0, -7.2140227821610905, -7.2140227821610905, -7.2140227821610905, -7.2140227821610905, -7.2140227821610905, -7.2140227821610905, -7.2140227821610905, -7.2140227821610905, -7.2140227821610905, -7.2140227821610905, -7.2140227821610905, -7.2140227821610905, -7.2140227821610905, -7.2140227821610905, -7.2140227821610905, -7.2140227821610905, -1.9828126572110696, -1.9828126572110696, -1.9828126572110696, -1.9828126572110696, -1.9828126572110696, -1.9828126572110696, -1.9828126572110696, -1.9828126572110696, -1.9828126572110696, -1.9828126572110696, -1.9828126572110696, -1.9828126572110696, -1.9828126572110696, -1.9828126572110696, -1.9828126572110696, -1.9828126572110696, -1.9828126572110696, -1.9828126572110696, -1.9828126572110696, -1.9828126572110696, -1.9828126572110696, -1.9828126572110696, -1.9828126572110696, -1.9828126572110696, -1.9828126572110696, -1.9828126572110696, -1.9828126572110696, -1.9828126572110696, -1.9828126572110696, -1.9828126572110696, -1.9828126572110696, -1.9828126572110696, -1.9828126572110696, -1.9828126572110696, -7.2140227821610905, -7.2140227821610905, -7.2140227821610905, -7.2140227821610905, -1.9828126572110696, -1.9828126572110696, -1.9828126572110696, -1.9828126572110696, -1.9828126572110696, -1.9828126572110696, -1.9828126572110696, -1.9828126572110696, -7.2140227821610905, -7.2140227821610905, -7.2140227821610905, -7.2140227821610905, -1.9828126572110696, -1.9828126572110696, -1.9828126572110696, -1.9828126572110696, -1.9828126572110696, -1.9828126572110696, -1.9828126572110696, -1.9828126572110696, -1.9828126572110696, -1.9828126572110696, -1.9828126572110696, -1.9828126572110696, -7.2140227821610905, -7.2140227821610905, -7.2140227821610905, -7.2140227821610905, -1.9828126572110696, -1.9828126572110696, -1.9828126572110696, -1.9828126572110696, -1.9828126572110696, -1.9828126572110696]], "y_traj": [233.75, 233.75, 234.25, 234.25, 234.25, 234.25, 235.0, 235.0, 241.75, 241.75, 245.0, 245.0, 252.25, 252.25, 252.0, 252.0, 260.25, 260.25, 260.25, 260.25, 261.25, 261.25, 261.25, 261.25, 265.0, 265.0, 265.0, 265.0, 265.0, 265.0, 266.0, 266.0, 266.75, 266.75, 268.25, 268.25, 268.5, 268.5, 268.75, 268.75, 269.5, 269.5, 271.0, 271.0, 272.0, 272.0, 272.75, 272.75, 273.25, 273.25, 274.25, 274.25, 275.25, 275.25, 283.0, 283.0, 283.75, 283.75, 283.75, 283.75, 284.0, 284.0, 285.25, 285.25, 285.0, 285.0, 293.0, 293.0, 292.75, 292.75, 293.25, 293.25, 293.25, 293.25, 293.5, 293.5, 295.75, 295.75, 296.0, 296.0, 296.5, 296.5, 302.25, 302.25, 302.25, 302.25, 304.5, 304.5], "qqq": [[900, 900, 900, 900, 900, 900, 900, 900, 900, 900, 900, 900, 900, 900, 900, 900, 900, 905, 910, 915, 920, 925, 930, 935, 940, 945, 950, 955, 960, 965, 970, 975, 980, 985, 990, 995, 1000, 1005, 1010, 1015, 1020, 1025, 1030, 1035, 1040, 1045, 1050, 1055, 1060, 1065, 1070, 1063, 1056, 1049, 1042, 1047, 1052, 1057, 1062, 1067, 1072, 1077, 1082, 1075, 1068, 1061, 1054, 1059, 1064, 1069, 1074, 1079, 1084, 1089, 1094, 1099, 1104, 1109, 1114, 1107, 1100, 1093, 1086, 1091, 1096, 1101, 1106, 1111, 1116], [900, 900, 900, 900, 900, 900, 900, 900, 900, 900, 900, 900, 900, 900, 900, 900, 900, 900, 900, 900, 900, 900, 900, 900, 900, 900, 900, 900, 900, 900, 900, 900, 900, 900, 900, 900, 900, 900, 900, 900, 900, 900, 900, 900, 900, 900, 900, 900, 900, 900, 900, 900, 900, 900, 900, 900, 900, 900, 900, 900, 900, 900, 900, 900, 900, 900, 900, 900, 900, 900, 900, 900, 900, 900, 900, 900, 900, 900, 900, 900, 900, 900, 900, 900, 900, 900, 900, 900, 900], [2300, 2293, 2286, 2279, 2272, 2265, 2258, 2251, 2244, 2237, 2230, 2223, 2216, 2209, 2202, 2195, 2188, 2186, 2184, 2182, 2180, 2178, 2176, 2174, 2172, 2170, 2168, 2166, 2164, 2162, 2160, 2158, 2156, 2154, 2152, 2150, 2148, 2146, 2144, 2142, 2140, 2138, 2136, 2134, 2132, 2130, 2128, 2126, 2124, 2122, 2120, 2113, 2106, 2099, 2092, 2090, 2088, 2086, 2084, 2082, 2080, 2078, 2076, 2069, 2062, 2055, 2048, 2046, 2044, 2042, 2040, 2038, 2036, 2034, 2032, 2030, 2028, 2026, 2024, 2017, 2010, 2003, 1996, 1994, 1992, 1990, 1988, 1986, 1984]],