{"x_path": [349.5, 349.25, 349.25, 349.5, 349.5, 349.75, 349.75, 350.75, 350.75, 354.5, 354.5, 354.5, 354.5, 356.25, 356.25, 357.25, 357.25, 360.5, 360.5, 360.5, 360.5, 360.5, 360.5, 363.75, 363.75, 363.75, 366.75, 366.75, 367.75, 367.75, 367.75, 367.75, 369.75, 369.75, 369.5, 369.5, 369.75, 369.75, 369.75, 369.75, 370.25, 370.25, 374.75, 374.75, 375.25, 375.25, 375.25, 375.5, 375.5, 378.0, 378.0, 378.75, 378.75, 379.5, 379.5, 379.5, 379.5, 383.0, 383.0, 383.25, 383.25, 383.75, 383.75, 390.0, 390.25, 390.25, 390.25, 390.25, 391.75, 391.75, 391.75, 392.0, 392.0, 396.25, 396.25, 396.25, 396.25, 394.75, 394.75, 394.5, 394.5, 397.0, 397.0, 397.0, 397.0], "x_traj": [351.5, 351.25, 351.25, 351.5, 351.5, 351.75, 351.75, 352.75, 352.75, 356.5, 356.5, 356.5, 356.5, 358.25, 358.25, 359.25, 359.25, 362.5, 362.5, 362.5, 362.5, 362.5, 362.5, 365.75, 365.75, 365.75, 368.75, 368.75, 369.75, 369.75, 369.75, 369.75, 371.75, 371.75, 371.5, 371.5, 371.75, 371.75, 371.75, 371.75, 372.25, 372.25, 376.75, 376.75, 377.25, 377.25, 377.25, 377.5, 377.5, 380.0, 380.0, 380.75, 380.75, 381.5, 381.5, 381.5, 381.5, 385.0, 385.0, 385.25, 385.25, 385.75, 385.75, 392.0, 392.25, 392.25, 392.25, 392.25, 393.75, 393.75, 393.75, 394.0, 394.0, 394.25, 394.25, 394.25, 394.25, 396.75, 396.75, 396.5, 396.5, 395.0, 395.0, 395.0, 395.0], "delta_q": [[0.0, 0.0, 0.0, 0.0, 0.0, 0.0, 0.0, 0.0, 0.0, 0.0, 0.0, 0.0, 0.0, 0.0, 0.0, 0.0, 0.0, 0.0, 0.0, 0.0, 0.0, 0.0, 0.0, 0.0, 0.0, 0.0, 0.0, 0.0, 0.0, 0.0, 0.0, 0.0, 0.0, 0.0, 0.0, 0.0, 0.0, 0.0, 0.0, 0.0, 0.0, 0.0, 0.0, 0.0, 0.0, 0.0, 0.0, 0.0, 0.0, 0.0, 0.0, 0.0, 0.0, 0.0, 0.0, 0.0, 0.0, 0.0, 0.0, 0.0, 0.0, 0.0, 0.0, 0.0, 0.0, 0.0, 0.0, 0.0, 0.0, 0.0, 0.0, 0.0, 0.0, 0.0, 4.581325402444383, 4.581325402444383, 4.581325402444383, 4.581325402444383, -7.207866244180829, -7.207866244180829, 0.0, 0.0, 7.207866244180829, 7.207866244180829, 7.207866244180829, 7.207866244180829], [0.0, 0.0, 0.0, 0.0, 0.0, 0.0, 0.0, 0.0, 0.0, 0.0, 0.0, 0.0, 0.0, 0.0, 0.0, 0.0, 0.0, 0.0, 0.0, 0.0, 0.0, 0.0, 0.0, 0.0, 0.0, 0.0, 0.0, 0.0, 0.0, 0.0, 0.0, 0.0, 0.0, 7.247400704392012, 7.247400704392012, 7.247400704392012, 7.247400704392012, 7.247400704392012, 7.247400704392012, 7.247400704392012, 7.247400704392012, 7.247400704392012, 7.247400704392012, -0.475908961887443, -0.475908961887443, -0.475908961887443, -0.475908961887443, -0.475908961887443, -0.475908961887443, -0.475908961887443, 7.247400704392012, 7.247400704392012, 3.3857458712522845, 3.3857458712522845, -0.475908961887443, -0.475908961887443, -0.475908961887443, -0.475908961887443, 7.247400704392012, 7.247400704392012, 7.247400704392012, 7.247400704392012, 7.247400704392012, 7.247400704392012, -0.475908961887443, -0.475908961887443, -0.475908961887443, -0.475908961887443, -0.475908961887443, 7.247400704392012, 7.247400704392012, 7.247400704392012, 3.3857458712522845, 3.3857458712522845, -7.247400704392012, -7.247400704392012, -7.247400704392012, -7.247400704392012, -0.475908961887443, -0.475908961887443, -0.475908961887443, -0.475908961887443, 0.475908961887443, 0.475908961887443, 0.475908961887443, 0.475908961887443], [0.0, -7.2140227821610905, -7.2140227821610905, -7.2140227821610905, -7.2140227821610905, -7.2140227821610905, -7.2140227821610905, -7.2140227821610905, -7.2140227821610905, -7.2140227821610905, -7.2140227821610905, -7.2140227821610905, -7.2140227821610905, -7.2140227821610905, -7.2140227821610905, -7.2140227821610905, -7.2140227821610905, -7.2140227821610905, -7.2140227821610905, -7.2140227821610905, -7.2140227821610905, -7.2140227821610905, -7.2140227821610905, -7.2140227821610905, -7.2140227821610905, -7.2140227821610905, -7.2140227821610905, -7.2140227821610905, -7.2140227821610905, -7.2140227821610905, -7.2140227821610905, -7.2140227821610905, -7.2140227821610905, 1.9828126572110696, 1.9828126572110696, 1.9828126572110696, 1.9828126572110696, 1.9828126572110696, 1.9828126572110696, 1.9828126572110696, 1.9828126572110696, 1.9828126572110696, 1.9828126572110696, -7.2140227821610905, -7.2140227821610905, -7.2140227821610905, -7.2140227821610905, -7.2140227821610905, -7.2140227821610905, -7.2140227821610905, 1.9828126572110696, 1.9828126572110696, -2.6156050624750105, -2.6156050624750105, -7.2140227821610905, -7.2140227821610905, -7.2140227821610905, -7.2140227821610905, 1.9828126572110696, 1.9828126572110696, 1.9828126572110696, 1.9828126572110696, 1.9828126572110696, 1.9828126572110696, -7.2140227821610905, -7.2140227821610905, -7.2140227821610905, -7.2140227821610905, -7.2140227821610905, 1.9828126572110696, 1.9828126572110696, 1.9828126572110696, -2.6156050624750105, -2.6156050624750105, -1.9828126572110696, -1.9828126572110696, -1.9828126572110696, -1.9828126572110696, -7.2140227821610905, -7.2140227821610905, -7.2140227821610905, -7.2140227821610905, 7.2140227821610905, 7.2140227821610905, 7.2140227821610905, 7.2140227821610905]], "y_traj": [232.25, 231.75, 231.75, 232.25, 232.25, 232.25, 232.25, 234.5, 234.5, 245.0, 245.0, 245.0, 245.0, 249.75, 249.75, 252.5, 252.5, 260.0, 260.0, 260.0, 260.0, 261.25, 261.25, 269.75, 269.75, 270.0, 276.25, 276.25, 279.5, 279.5, 279.5, 279.5, 281.25, 281.25, 280.5, 280.5, 280.5, 280.5, 280.25, 280.25, 280.25, 280.25, 274.75, 274.75, 274.5, 274.5, 274.5, 275.25, 275.25, 279.75, 279.75, 279.0, 279.0, 280.75, 280.75, 280.5, 280.5, 282.5, 282.5, 282.5, 282.5, 281.0, 281.0, 276.0, 275.5, 275.5, 275.5, 275.5, 277.5, 277.5, 277.5, 279.0, 279.0, 275.0, 275.0, 275.0, 275.0, 280.25, 280.25, 280.75, 280.75, 283.0, 283.0, 283.0, 283.0], "qqq": [[900, 900, 900, 900, 900, 900, 900, 900, 900, 900, 900, 900, 900, 900, 900, 900, 900, 900, 900, 900, 900, 900, 900, 900, 900, 900, 900, 900, 900, 900, 900, 900, 900, 900, 900, 900, 900, 900, 900, 900, 900, 900, 900, 900, 900, 900, 900, 900, 900, 900, 900, 900, 900, 900, 900, 900, 900, 900, 900, 900, 900, 900, 900, 900, 900, 900, 900, 900, 900, 900, 900, 900, 900, 900, 905, 910, 915, 920, 913, 906, 906, 906, 913, 920, 927, 934], [900, 900, 900, 900, 900, 900, 900, 900, 900, 900, 900, 900, 900, 900, 900, 900, 900, 900, 900, 900, 900, 900, 900, 900, 900, 900, 900, 900, 900, 900, 900, 900, 900, 907, 914, 921, 928, 935, 942, 949, 956, 963, 970, 970, 970, 970, 970, 970, 970, 970, 977, 984, 987, 990, 990, 990, 990, 990, 997, 1004, 1011, 1018, 1025, 1032, 1032, 1032, 1032, 1032, 1032, 1039, 1046, 1053, 1056, 1059, 1052, 1045, 1038, 1031, 1031, 1031, 1031, 1031, 1031, 1031, 1031, 1031], [2300, 2293, 2286, 2279, 2272, 2265, 2258, 2251, 2244, 2237, 2230, 2223, 2216, 2209, 2202, 2195, 2188, 2181, 2174, 2167, 2160, 2153, 2146, 2139, 2132, 2125, 2118, 2111, 2104, 2097, 2090, 2083, 2076, 2078, 2080, 2082, 2084, 2086, 2088, 2090, 2092, 2094, 2096, 2089, 2082, 2075, 2068, 2061, 2054, 2047, 2049, 2051, 2048, 2045, 2038, 2031, 2024, 2017, 2019, 2021, 2023, 2025, 2027, 2029, 2022, 2015, 2008, 2001, 1994, 1996, 1998, 2000, 1997, 1994, 1992, 1990, 1988, 1986, 1979, 1972, 1965, 1958, 1965, 1972, 1979, 1986]], "delta_xy": [[0.0, 2.0, 2.0, 2.0, 2.0, 2.0, 2.0, 2.0, 2.0, 2.0, 2.0, 2.0, 2.0, 2.0, 2.0, 2.0, 2.0, 2.0, 2.0, 2.0, 2.0, 2.0, 2.0, 2.0, 2.0, 2.0, 2.0, 2.0, 2.0, 2.0, 2.0, 2.0, 2.0, 2.0, 2.0, 2.0, 2.0, 2.0, 2.0, 2.0, 2.0, 2.0, 2.0, 2.0, 2.0, 2.0, 2.0, 2.0, 2.0, 2.0, 2.0, 2.0, 2.0, 2.0, 2.0, 2.0, 2.0, 2.0, 2.0, 2.0, 2.0, 2.0, 2.0, 2.0, 2.0, 2.0, 2.0, 2.0, 2.0, 2.0, 2.0, 2.0, 2.0, 2.0, -2.0, -2.0, -2.0, -2.0, 2.0, 2.0, 2.0, 2.0, -2.0, -2.0, -2.0, -2.0], [0.0, 2.0, 2.0, 2.0, 2.0, 2.0, 2.0, 2.0, 2.0, 2.0, 2.0, 2.0, 2.0, 2.0, 2.0, 2.0, 2.0, 2.0, 2.0, 2.0, 2.0, 2.0, 2.0, 2.0, 2.0, 2.0, 2.0, 2.0, 2.0, 2.0, 2.0, 2.0, 2.0, -2.0, -2.0, -2.0, -2.0, -2.0, -2.0, -2.0, -2.0, -2.0, -2.0, 2.0, 2.0, 2.0, 2.0, 2.0, 2.0, 2.0, -2.0, -2.0, 0.0, 0.0, 2.0, 2.0, 2.0, 2.0, -2.0, -2.0, -2.0, -2.0, -2.0, -2.0, 2.0, 2.0, 2.0, 2.0, 2.0, -2.0, -2.0, -2.0, 0.0, 0.0, 2.0, 2.0, 2.0, 2.0, 2.0, 2.0, 2.0, 2.0, -2.0, -2.0, -2.0, -2.0]],