{"x_path": [340.5, 340.5, 340.75, 340.75, 340.5, 340.5, 341.75, 341.75, 347.25, 347.25, 347.5, 347.5, 352.25, 352.25, 353.0, 353.0, 359.25, 359.25, 359.25, 359.25, 361.5, 361.5, 367.25, 367.25, 367.25, 367.25, 369.75, 369.75, 376.0, 376.0, 376.0, 376.0, 382.25, 382.25, 382.25, 382.25, 387.25, 387.25, 388.25, 388.25, 393.0, 393.0, 393.75, 393.75, 400.0, 400.0, 400.25, 400.25, 401.0, 401.0, 402.0, 402.0, 403.0, 403.0, 404.25, 404.25, 407.75, 407.75, 411.75, 411.75, 411.75, 411.75, 415.0, 415.0, 415.0, 415.0, 420.0, 420.0, 420.0, 420.0, 419.75, 419.75, 419.75, 419.75, 423.0, 423.0, 422.5, 422.5, 421.25, 421.25, 420.75, 420.75, 421.0, 421.0, 427.0, 427.0, 428.5, 428.5, 429.0, 429.0, 421.25, 421.25, 420.75], "x_traj": [342.5, 342.5, 342.75, 342.75, 342.5, 342.5, 343.75, 343.75, 349.25, 349.25, 349.5, 349.5, 354.25, 354.25, 355.0, 355.0, 361.25, 361.25, 361.25, 361.25, 363.5, 363.5, 369.25, 369.25, 369.25, 369.25, 371.75, 371.75, 378.0, 378.0, 378.0, 378.0, 384.25, 384.25, 384.25, 384.25, 389.25, 389.25, 390.25, 390.25, 395.0, 395.0, 395.75, 395.75, 402.0, 402.0, 402.25, 402.25, 403.0, 403.0, 404.0, 404.0, 405.0, 405.0, 406.25, 406.25, 409.75, 409.75, 413.75, 413.75, 413.75, 413.75, 417.0, 417.0, 417.0, 417.0, 422.0, 422.0, 422.0, 422.0, 421.75, 421.75, 421.75, 421.75, 421.0, 421.0, 420.5, 420.5, 423.25, 423.25, 422.75, 422.75, 423.0, 423.0, 425.0, 425.0, 426.5, 426.5, 427.0, 427.0, 423.25, 423.25, 422.75], "delta_q": [[0.0, 0.0, 0.0, 0.0, 0.0, 0.0, 0.0, 0.0, 0.0, 0.0, 0.0, 0.0, 0.0, 0.0, 0.0, 0.0, 0.0, 0.0, 0.0, 0.0, 0.0, 0.0, 0.0, 0.0, 0.0, 0.0, 0.0, 0.0, 0.0, 0.0, 0.0, 0.0, 0.0, 0.0, 0.0, 0.0, 0.0, 0.0, 0.0, 0.0, 0.0, 0.0, 0.0, 0.0, 0.0, 0.0, 0.0, 0.0, 0.0, 0.0, 0.0, 0.0, 0.0, 0.0, 0.0, 0.0, 0.0, 0.0, 0.0, 0.0, 0.0, 0.0, 0.0, 0.0, 0.0, 0.0, 0.0, 0.0, 0.0, 0.0, 0.0, 0.0, 0.0, 0.0, 0.0, 7.207866244180829, 7.207866244180829, 7.207866244180829, 7.207866244180829, -4.581325402444383, -4.581325402444383, -4.581325402444383, -4.581325402444383, -4.581325402444383, 0.0, 4.581325402444383, 4.581325402444383, 4.581325402444383, 4.581325402444383, 4.581325402444383, 4.581325402444383, -4.581325402444383, -4.581325402444383, -4.581325402444383], [0.0, 7.247400704392012, 7.247400704392012, 7.247400704392012, 7.247400704392012, 7.247400704392012, 7.247400704392012, 7.247400704392012, 7.247400704392012, 7.247400704392012, 7.247400704392012, 7.247400704392012, 7.247400704392012, 7.247400704392012, 7.247400704392012, 7.247400704392012, 7.247400704392012, 7.247400704392012, 7.247400704392012, 7.247400704392012, 7.247400704392012, 7.247400704392012, 7.247400704392012, 7.247400704392012, 7.247400704392012, 7.247400704392012, 7.247400704392012, 7.247400704392012, 7.247400704392012, 7.247400704392012, 7.247400704392012, 7.247400704392012, 7.247400704392012, 7.247400704392012, 7.247400704392012, 7.247400704392012, 7.247400704392012, 7.247400704392012, 7.247400704392012, 7.247400704392012, 7.247400704392012, 7.247400704392012, 7.247400704392012, 7.247400704392012, 7.247400704392012, -0.475908961887443, -0.475908961887443, -0.475908961887443, -0.475908961887443, -0.475908961887443, -0.475908961887443, 7.247400704392012, 7.247400704392012, 7.247400704392012, 7.247400704392012, 7.247400704392012, 7.247400704392012, -0.475908961887443, -0.475908961887443, -0.475908961887443, -0.475908961887443, -0.475908961887443, -0.475908961887443, 7.247400704392012, 7.247400704392012, 7.247400704392012, 7.247400704392012, -0.475908961887443, -0.475908961887443, -0.475908961887443, -0.475908961887443, -0.475908961887443, -0.475908961887443, -0.475908961887443, -0.475908961887443, 0.475908961887443, 0.475908961887443, 0.475908961887443, 0.475908961887443, 7.247400704392012, 7.247400704392012, 7.247400704392012, 7.247400704392012, 7.247400704392012, 7.247400704392012, -7.247400704392012, -7.247400704392012, -7.247400704392012, -7.247400704392012, -7.247400704392012, -7.247400704392012, 7.247400704392012, 7.247400704392012, 7.247400704392012], [0.0, 0.0, 0.0, 0.0, 0.0, 0.0, 0.0, 0.0, 0.0, 0.0, 0.0, 0.0, 0.0, 0.0, 0.0, 0.0, 0.0, 0.0, 0.0, 0.0, 0.0, 0.0, 0.0, 0.0, 0.0, 0.0, 0.0, 0.0, 0.0, 0.0, 0.0, 0.0, 0.0, 0.0, 0.0, 0.0, 0.0, 0.0, 0.0, 0.0, 0.0, 0.0, 0.0, 0.0, 0.0, -7.2140227821610905, -7.2140227821610905, -7.2140227821610905, -7.2140227821610905, -7.2140227821610905, -7.2140227821610905, 1.9828126572110696, 1.9828126572110696, 1.9828126572110696, 1.9828126572110696, 1.9828126572110696, 1.9828126572110696, -7.2140227821610905, -7.2140227821610905, -7.2140227821610905, -7.2140227821610905, -7.2140227821610905, -7.2140227821610905, 1.9828126572110696, 1.9828126572110696, 1.9828126572110696, 1.9828126572110696, -7.2140227821610905, -7.2140227821610905, -7.2140227821610905, -7.2140227821610905, -7.2140227821610905, -7.2140227821610905, -7.2140227821610905, -7.2140227821610905, 7.2140227821610905, 7.2140227821610905, 7.2140227821610905, 7.2140227821610905, 1.9828126572110696, 1.9828126572110696, 1.9828126572110696, 1.9828126572110696, 1.9828126572110696, 1.9828126572110696, -1.9828126572110696, -1.9828126572110696, -1.9828126572110696, -1.9828126572110696, -1.9828126572110696, -1.9828126572110696, 1.9828126572110696, 1.9828126572110696, 1.9828126572110696]], "y_traj": [228.0, 228.0, 228.25, 228.25, 227.5, 227.5, 225.5, 225.5, 216.5, 216.5, 216.75, 216.75, 209.0, 209.0, 208.75, 208.75, 199.25, 199.25, 199.25, 199.25, 196.25, 196.25, 187.5, 187.5, 187.25, 187.25, 184.25, 184.25, 175.0, 175.0, 175.0, 175.0, 167.25, 167.25, 167.5, 167.5, 160.0, 160.0, 160.0, 160.0, 153.0, 153.0, 152.25, 152.25, 148.25, 148.25, 149.5, 149.5, 149.75, 149.75, 150.5, 150.5, 152.25, 152.25, 150.0, 150.0, 150.5, 150.5, 145.25, 145.25, 146.0, 146.0, 151.25, 151.25, 151.25, 151.25, 148.25, 148.25, 148.75, 148.75, 148.5, 148.5, 149.25, 149.25, 158.75, 158.75, 157.5, 157.5, 154.25, 154.25, 154.5, 154.5, 153.25, 153.25, 149.5, 149.5, 146.25, 146.25, 145.75, 145.75, 148.75, 148.75, 149.0], "qqq": [[900, 900, 900, 900, 900, 900, 900, 900, 900, 900, 900, 900, 900, 900, 900, 900, 900, 900, 900, 900, 900, 900, 900, 900, 900, 900, 900, 900, 900, 900, 900, 900, 900, 900, 900, 900, 900, 900, 900, 900, 900, 900, 900, 900, 900, 900, 900, 900, 900, 900, 900, 900, 900, 900, 900, 900, 900, 900, 900, 900, 900, 900, 900, 900, 900, 900, 900, 900, 900, 900, 900, 900, 900, 900, 900, 907, 914, 921, 928, 923, 918, 913, 908, 903, 903, 908, 913, 918, 923, 928, 933, 928, 923, 918], [900, 907, 914, 921, 928, 935, 942, 949, 956, 963, 970, 977, 984, 991, 998, 1005, 1012, 1019, 1026, 1033, 1040, 1047, 1054, 1061, 1068, 1075, 1082, 1089, 1096, 1103, 1110, 1117, 1124, 1131, 1138, 1145, 1152, 1159, 1166, 1173, 1180, 1187, 1194, 1201, 1208, 1208, 1208, 1208, 1208, 1208, 1208, 1215, 1222, 1229, 1236, 1243, 1250, 1250, 1250, 1250, 1250, 1250, 1250, 1257, 1264, 1271, 1278, 1278, 1278, 1278, 1278, 1278, 1278, 1278, 1278, 1278, 1278, 1278, 1278, 1285, 1292, 1299, 1306, 1313, 1320, 1313, 1306, 1299, 1292, 1285, 1278, 1285, 1292, 1299], [2300, 2300, 2300, 2300, 2300, 2300, 2300, 2300, 2300, 2300, 2300, 2300, 2300, 2300, 2300, 2300, 2300, 2300, 2300, 2300, 2300, 2300, 2300, 2300, 2300, 2300, 2300, 2300, 2300, 2300, 2300, 2300, 2300, 2300, 2300, 2300, 2300, 2300, 2300, 2300, 2300, 2300, 2300, 2300, 2300, 2293, 2286, 2279, 2272, 2265, 2258, 2260, 2262, 2264, 2266, 2268, 2270, 2263, 2256, 2249, 2242, 2235, 2228, 2230, 2232, 2234, 2236, 2229, 2222, 2215, 2208, 2201, 2194, 2187, 2180, 2187, 2194, 2201, 2208, 2210, 2212, 2214, 2216, 2218, 2220, 2218, 2216, 2214, 2212, 2210, 2208, 2210, 2212, 2214]],