{"Ji": [[-0.3578801200224131, 0.35986661495045763, -0.02961049219077399], [0.018491468002655657, -0.17110149247172085, 0.06599796588142781]], "Delta_Qs": [[730.0, 10.0, 10.0, 10.0, 10.0, 10.0, 10.0, 10.0, 10.0, 10.0, 10.0, 10.0, 10.0, 10.0, 10.0, -10.0, -10.0, -10.0, -10.0, -10.0, -10.0, -10.0, -10.0, -10.0, -10.0, -10.0, -10.0, -10.0, -10.0, -10.0, 0.0, 0.0, 0.0, 0.0, 0.0, 0.0, 0.0, 0.0, 0.0, 0.0, 0.0, 0.0, 0.0, 0.0, 0.0, 0.0, 0.0, 0.0, 0.0, 0.0, 0.0, 0.0, 0.0, 0.0, 0.0, 0.0, 0.0, 0.0, 0.0, 0.0, 0.0, 0.0, 0.0, 0.0, 0.0, 0.0, 0.0, 0.0, 0.0, 0.0, 0.0, 0.0, 0.0, 0.0, 0.0, 0.0, 0.0, 0.0, 0.0, 0.0, 0.0, 0.0, 0.0, 0.0, 0.0, 0.0, 0.0, 0.0, 0.0, 0.0, 0.0], [900.0, 0.0, 0.0, 0.0, 0.0, 0.0, 0.0, 0.0, 0.0, 0.0, 0.0, 0.0, 0.0, 0.0, 0.0, 0.0, 0.0, 0.0, 0.0, 0.0, 0.0, 0.0, 0.0, 0.0, 0.0, 0.0, 0.0, 0.0, 0.0, 0.0, 10.0, 10.0, 10.0, 10.0, 10.0, 10.0, 10.0, 10.0, 10.0, 10.0, 10.0, 10.0, 10.0, 10.0, 10.0, -10.0, -10.0, -10.0, -10.0, -10.0, -10.0, -10.0, -10.0, -10.0, -10.0, -10.0, -10.0, -10.0, -10.0, -10.0, 0.0, 0.0, 0.0, 0.0, 0.0, 0.0, 0.0, 0.0, 0.0, 0.0, 0.0, 0.0, 0.0, 0.0, 0.0, 0.0, 0.0, 0.0, 0.0, 0.0, 0.0, 0.0, 0.0, 0.0, 0.0, 0.0, 0.0, 0.0, 0.0, 0.0, 0.0], [2120.0, 0.0, 0.0, 0.0, 0.0, 0.0, 0.0, 0.0, 0.0, 0.0, 0.0, 0.0, 0.0, 0.0, 0.0, 0.0, 0.0, 0.0, 0.0, 0.0, 0.0, 0.0, 0.0, 0.0, 0.0, 0.0, 0.0, 0.0, 0.0, 0.0, 0.0, 0.0, 0.0, 0.0, 0.0, 0.0, 0.0, 0.0, 0.0, 0.0, 0.0, 0.0, 0.0, 0.0, 0.0, 0.0, 0.0, 0.0, 0.0, 0.0, 0.0, 0.0, 0.0, 0.0, 0.0, 0.0, 0.0, 0.0, 0.0, 0.0, -10.0, -10.0, -10.0, -10.0, -10.0, -10.0, -10.0, -10.0, -10.0, -10.0, -10.0, -10.0, -10.0, -10.0, -10.0, 10.0, 10.0, 10.0, 10.0, 10.0, 10.0, 10.0, 10.0, 10.0, 10.0, 10.0, 10.0, 10.0, 10.0, 10.0, 0.0]], "Delta_EE": [[0.0, -3.25, -4.0, -9.0, -3.0, -4.75, -2.0, -5.5, -4.75, -5.5, -2.0, -7.25, -1.25, -2.25, -4.25, -4.75, 3.25, 3.5, 6.25, 1.25, 4.25, 9.0, 4.25, -0.5, 10.5, 4.25, 0.5, 5.75, 2.25, 6.0, 2.0, 2.5, 5.25, 0.5, 6.25, 2.75, 4.0, 1.75, 4.5, 1.0, 7.75, 3.75, 0.0, 5.25, 1.5, 3.25, -3.0, -3.75, -4.25, -2.75, -2.75, -1.25, -6.0, -0.75, -5.5, -3.5, -2.0, -7.25, -2.25, -4.25, -0.25, 0.5, 3.0, 1.5, 1.25, 1.0, 0.5, 1.5, 3.0, 1.0, 1.0, 1.5, 2.0, 1.5, 1.75, 0.25, -2.0, -0.25, -1.5, -3.5, -0.75, -0.25, -1.5, -2.25, -1.75, -1.75, -1.25, -2.0, 0.25, -1.0, -0.25], [0.0, -1.25, -1.25, -3.0, -0.75, -1.0, -1.0, -2.0, -1.0, -2.25, -0.75, -2.75, 0.0, -1.25, -1.25, -1.5, 0.5, 1.25, 2.5, 0.5, 1.5, 3.0, 1.0, -0.25, 3.5, 1.25, 0.0, 1.75, 1.0, 1.25, 1.0, -2.25, -4.75, -1.5, -7.0, -3.5, -4.0, -1.5, -4.75, -1.5, -9.25, -4.0, 0.0, -4.5, -3.25, -3.5, 3.25, 4.0, 4.0, 3.0, 3.25, 1.5, 6.75, 1.75, 6.25, 3.5, 2.75, 8.0, 2.0, 6.0, 0.25, 0.25, 8.0, 3.5, 4.0, 2.5, 1.0, 4.0, 7.0, 2.25, 3.5, 3.5, 4.5, 4.0, 4.75, -0.5, -4.25, -1.25, -3.75, -8.0, -1.75, -1.0, -3.75, -6.0, -3.25, -6.25, -2.25, -5.0, 0.0, -2.5, 0.0]]}